mid,publish_time,user_name,user_link,content,source,location_url,location_name,image_urls,weibo_link,forward_num,comment_num,like_num,verify_typ,sentiment,neg_prob,neu_prob,pos_prob
4898067540875924,2023-05-05 16:02,拉文克劳垫底辣妹,https://weibo.com/5691036102?refer_flag=1001030103_,利用了chatgpt答题，学小易给我去死吧哈哈哈 ​,微博网页版,,,,https://weibo.com/5691036102/MF9bs3FRO,0,0,0,没有认证,negative,0.4548705816268921,0.3086247146129608,0.23650462925434113
4898006774579436,2023-05-05 12:01,AI花化猾,https://weibo.com/1448591305?refer_flag=1001030103_,"昨天可汗学院的创始人在TED分享了如何通过GPT-4实现1对1辅导提高学生表现的案例，非常精彩我也学习到了4个ChatGPT新用法，分享给大家1️⃣ 阅读理解：直接和角色对话，再也不用瞎猜2️⃣ 1对1辅导：授之以渔3️⃣ AI辩手：锻炼思辨能力4️⃣ AI导师：分享学科意义下面详细展开1️⃣ 阅读理解：直接和角色对话，再也不用瞎猜「XX 这样做的目的是什么？」【阅读理解】绝对是大多数学生的梦魇，作者自己可能也忘了为什么这样写，但答题者必须要说（编）出个所以然…为什么不让 ChatGPT 带入角色，直接告诉我们呢？可汗给了一个示例：「为什么盖茨比总是盯着绿光？」这个学生让 Khanmigo (可汗学院基于 GPT-4 的 ChatBot) 化身为盖茨比，这个 Khanmigo 还真的一秒入戏，回答如下「啊，绿灯，老兄！你知道吗，它是我梦想和渴望的象征。它位于黛西·布坎南的码头尽头，在海湾对面的我的豪宅处。我长久地凝视着它，因为它代表了我对过去的渴望…」「…和与黛西——我生命中的爱人重聚的希望。绿灯不断提醒我们美国梦难以捉摸、现实与愿景之间存在巨大距离。那么，请告诉我，你是否曾经有一个看似遥不可及的梦想或渴望呢？」和角色本人对话，这个用法真是太妙了！这种方式让学习文学和历史变得生动有趣。2️⃣  1 对 1 辅导：授之以渔，而不是授之于鱼很多人对 GPT 的担心是，学生可以直接获取答案，而没有锻炼出相应的能力可汗的回应是：无论有没有 GPT，学生都可以抄作业。而且相反，其定制的 Khanmigo 会大大减少抄作业，同时提升学生能力，因为- Khanmigo上会显示：所有的聊天记录都会被老师看到，避免学生「走捷径」- 当学生说，“告诉我答案”时，Khanmigo回答：“你认为解决这个问题的下一步是什么？” 带着学生一步步解题- 当学生出错时，它能够及时发现并指出，强化推理过程- 这就是一个「授之以渔」的过程，让学生知其然并知其所以然可汗说他们在去年 8 月就拿到了 GPT-4 的权限，然后花了 6 个月时间做 prompt 工程，以及大量 fine-tune, 让 Khanmigo 学会如何一步步「授之以渔」在我们遇到问题找 ChatGPT 时，也可以试试类似的 prompt「一步步教我做 xxx」，而不是直接显示答案3️⃣ AI 辩手：锻炼思辨能力第三个让我印象深刻的例子是「辩论」。众所周知，事情越辩越明，但合适的「辩手」难求。借助 GPT-4 的能力，每一个学生都可以通过苏格拉底式的对话和辩论来进行探究本质的学习4️⃣ AI导师：分享学科意义这个例子也让我印象深刻。学生问「为什要学细胞尺寸学？我的目标是专业运动员」Khanmigo回答「太棒了！作为一名专业运动员，了解尺寸科学可以帮助您在细胞水平上理解身体的工作方式。例如，了解细胞、蛋白质和分子之间的相互作用可以帮助您…」还有理由不好好学吗?意义是我们做绝大多数事情的原因，但作为新人，又很难 get 到为啥要学 xxx, 最后导致很多重要的知识当初没有掌握王慧文也举过一个例子，说他当初最后悔没学好的就是线性代数。如果当初就有人告诉他这门学科是人工智能的基础，他一定会好好掌握有了 ChatGPT，学生再也不会有这样的遗憾了总结一下，ChatGPT类工具在教育中的4个重要用法，对成人学习也很有帮助1️⃣ 阅读理解：直接和角色对话，再也不用瞎猜2️⃣ 1对1辅导：授之以渔3️⃣ AI辩手：锻炼思辨能力4️⃣ AI导师：分享学科意义1984年就有研究表明1对1辅导可以大幅提升学生表现，但问题是成本太高，AI 让每个人都可以有机会最后谈谈我对GPT/LLM在教育中的看法人和AI的能力都可以抽象为「数据+算法+算力」新时代已来临，每隔几年就会出现新的行业产出新的数据，对我们能力的要求是，可以迅速调用算法（大脑），在算力（身体）的支撑下，基于数据产出结果新常态：花1年时间成为专家，工作3年，然后再换到新领域没有什么知识和技能可以永恒，我们的一生会在不断地学习新知识新技能中度过传统教育强调「数据」的重要性，在新时代数据的保质期大大缩短，更重要的是算法和算力这让我想到了 AI 领域的两种范式之争：BERT+Fine tuning vs LLM+prompting- BERT+Fine tuning (传统 AI)：让一个刚识字的小朋友到流水线上去训练拧螺丝，一直拧到十八岁，变成了优秀的拧螺丝工——但无法胜任其他工作。- LLM+prompting (ChatGPT)：用大量计算资源培养小朋友一直到大学毕业——虽然没有变成熟练技术工，但很多领域都能触类旁通，举一反三，很快上手。新时代的人才要求，跟打造ChatGPT是一样的，触类旁通的学习能力  某个领域的单一技能很多人批评ChatGPT答案不准确，OpenAI 联合创始人对此的回应是，其最宝贵的是推理（reasoning）能力，这就是学习能力的底层所以我的态度是，尽快和教育融合，用 AI 提升 HI(Human Intelligence)。 ",iPhone客户端,,,,https://weibo.com/1448591305/MF7BrjdjS,0,0,0,没有认证,neutral,0.22792765498161316,0.47674885392189026,0.2953234314918518
4898004954253428,2023-05-05 11:54,Get3v3rything,https://weibo.com/7783118714?refer_flag=1001030103_,💭 家中长辈有说，看别人说ai去了解ai，不如自己接触ai，才能得到属于自己的感受。其实，使用ChatGPT，不是为了说它多厉害和能多厉害，而是为了辅助自己去拓展思路，学习新知识，建立更完善的思考结构。这才是chatgpt辅助人类最好的地方。🤐 【叨一下，他是那种心态非常稳定的人】他不怎么接触网络，也不参与太多争论，更多是在接触项目和书籍知识，专注当下的团队交流与合作，以及用心呵护自己身边的人。是平和的，有秩序的，专注的，表达非常明白的人。也是我的榜样，我希望自己能获得他那般的品质，这些品质便是我的愿景的一部分。❗ 如果是依赖，一切速成到手的果实都会让我们错过了培育的经验和确切具体的认识。那使用者同ChatGPT，则是化为工具人与工具的身份。就像你接触一个知识，只是为了答题，那么大有可能会错失了很多良机。💡 另外了解ChatGPT，亦或者其他事物。我认为，自己亲力亲为是最好最直接的认识。就像你了解一个人，你是从别人口中了解，还是从接触那个人了解，所获得的感受是不一样的。 ,躺床睡觉的Android,,,,https://weibo.com/7783118714/MF7yvhQvG,0,0,0,没有认证,neutral,0.27060770988464355,0.4897618591785431,0.23963050544261932
4897375779559079,2023-05-03 18:13,夏日之阳新闻传播考研,https://weibo.com/3321496530?refer_flag=1001030103_,半夏的镇店之宝·圣典，想必大家都已经拿到手了！之前在圣典《食用指南》中已经提到，在内容上，师哥做了大规模的调整和更新，最新的热点全部都已涵盖，包括对ChatGPT的解析，以及23年全部高校考察的重点真题涉及的知识点等等。此外，我们还强调了看圣典的两个基本原则：1️⃣ 先看一遍基础书目，再看圣典。2️⃣ 要把圣典上的每部分知识，都变成自己的东西。尽管已经强调了两大原则，但是在调研之后，发现不少同学还是没有把圣典发挥到最大作用。（对此！为圣典熬了无数个夜晚的秃头诗歌万分心痛😭）于是，师哥决定，以传播学圣典为开端，对圣典进行带读，给大家打个样儿，到底该如何利用这几本新传考研界的答案之书！此次圣典带读，将与以往的参考书目带读，有重大区别。✅ 区别一：带大家初步建立传播学框架思维。一个传播学、三个大流派、九个大范式、数百个理论， 一个现象、四个问题、九个视角、万能因果…也许此刻的你云里雾里，到底该怎样建立答题框架以及树立答案思维，那你这次带读已经要跟上，师哥教你怎么在入门时期，就在思维层面，比其他同学更清晰。✅ 区别二：划重点，很直接。现在的划重点，跟冲刺时期的划重点有所不同。想必大家都有过这种体验，一开始没学好的东西，到了考试后期或者需要抱佛脚的时候，花费很大精力依旧学不会。那么此次，师哥将在大家切入正题之初，就带大家明确重点，哪些是传播学学习的重中之重，跟完带读，你会心中有数。✅ 时间：每周三、周五、周日第一节带读：5月3日（周三）晚上 19:00✅ 地点：夏日学长视频号直播（备用频道cctalk 87962149）✅ 带读对象：考研及保研同样适用，非常重要！今晚视频号，不见不散哦！！新传考研 #新闻传播考研# 中传考研新传保研#考研经验分享# ,新传考研超话,,,https://wx2.sinaimg.cn/orj360/c5fa03d2ly1hdlctmeo87j20zk1r60xw.jpg,https://weibo.com/3321496530/MERbHE6KH,0,2,4,黄V认证,neutral,0.2451511174440384,0.4635862410068512,0.2912626564502716
4897241347134129,2023-05-03 09:19,hardbye,https://weibo.com/1982813462?refer_flag=1001030103_,"选取上海市长宁区2023年高三英语二模卷语法部分，让ChatGPT4.0 解答。原题：Swimmers Enjoy Cold Swims.     Many people enjoy swimming in icy cold water. An open-air swimming pool,(21)(know)as a lido, in Bedfordshire, England, improved very popular this winter. The Woburn Lido is usually open from May to September, but this year it stayed open to swimmers throughout the autumn and winter months too.    (22)the lockdown for England was announced on 4 January, outdoor pools were allowed to remain open.“Demand has taken us by surprise,” said Murray Heining, a volunteer at the Woburn Lido. Over Christmas and New Year, the lido had to offer extra openings to keep up with the demand from swimmers.Cold-water swimming (23)(grow) in popularity in the UK over the past few years.A survey found that 7.5 million people in England had swum in outdoor pools, as well as lakes, rivers and the sea, in 2018. In some areas, such as the river Wharfe in Yorkshire, this new trend has made environmental groups think more about (24)the water is cleared of pollution and clean enough for bathers.Some people make it a regular practice; (25)just enjoy a refreshing dip on Christmas Day, Boxing Day or New Year's Day. Every year around the UK, people (26)(photograph) plunging into icy water, often in fancy dress, and the recent festive period was no exception,(27)freezing temperatures.The Outdoor Swimming Society classifies temperatures below 6°C as “Baltic"" and from6-11℃ as“freezing”. They advise people to get in the water gradually, so as (28) (not shock) the body. Likewise, they recommend warming up gradually,  and not (29)(rush)the process by leaping into a hot bath when you get out. Instead, they suggest layering up and drinking something warm.It wasn't just the water that was cold-many people experienced a white Christmas; snowfell in several counties including Yorkshire and Suffolk. Paul Davies, the UK Met Office's chief meteorologist, a scientist (30) job is to study the weather,  said the forecast indicates ""the likelihood of the cold conditions experienced recently continuing through January”.     提问：-This is grammar test part from a Chinese high school. I want you to be examinee to do this test. The rule is that after reading the passage below, fill in the blanks to make the passage coherent and grammatically correct and for the blanks with a given word, fill in each blank with the proper form of the given word; for the other blanks, use one word that best fits each blank. Please give me the right answers from 21to30 blank, and write your reasoning process step by step.ChatGPT4.0回答：21. knownThe word ""know"" should be in the past participle form ""known"" because it is used as an adjective to describe the lido.22. WhenThe word ""when"" is used to indicate the time at which the lockdown was announced.23. has grownThe present perfect tense ""has grown"" is used to show that the action started in the past and continues to the present.24. ensuringThe gerund ""ensuring"" is used to show the purpose of the environmental groups' actions.25. othersThe word ""others"" is used to contrast with ""some people"" mentioned earlier in the sentence.26. are photographedThe passive voice ""are photographed"" is used to emphasize the action of being photographed rather than the person taking the photo.27. despiteThe word ""despite"" is used to show contrast between the freezing temperatures and people still plunging into icy water.28. not to shockThe infinitive ""not to shock"" is used to show the purpose of getting in the water gradually.29. rushingThe gerund ""rushing"" is used to show the action that should be avoided when warming up.30. whoseThe relative pronoun ""whose"" is used to show possession, indicating that the job of studying the weather belongs to the scientist.Here are the completed sentences:1.  An open-air swimming pool, known as a lido, in Bedfordshire, England, improved very popular this winter.2. When the lockdown for England was announced on 4 January, outdoor pools were allowed to remain open.3. Cold-water swimming has grown in popularity in the UK over the past few years.4. In some areas, such as the river Wharfe in Yorkshire, this new trend has made environmental groups think more about ensuring the water is cleared of pollution and clean enough for bathers.5. Some people make it a regular practice; others just enjoy a refreshing dip on Christmas Day, Boxing Day or New Year's Day.6. Every year around the UK, people are photographed plunging into icy water, often in fancy dress, and the recent festive period was no exception.7. Despite freezing temperatures, people still participated in the cold-water swimming events.8.They advise people to get in the water gradually, so as not to shock the body.9. Likewise, they recommend warming up gradually, and not rushing the process by leaping into a hot bath when you get out.10. Paul Davies, the UK Met Office's chief meteorologist, a scientist whose job is to study the weather, said the forecast indicates ""the likelihood of the cold conditions experienced recently continuing through January”.对比正确答案，考察chatGPT能力。22. 正确答案是Until, till,or Before.  chatGPT填写when时间状语的从属连词，八九不离十，在匆忙和不熟悉真实场景状况下，选when情有可原。我的第一次选也是when.24. 正确答案是whether, 作为介词about的宾语从句的连接副词。chatGPT4.0 ensuring the water is cleared of pollution and clean enough for bathers. the water is cleared of pollution and clean enough for bathers作为省略连词that的宾语从句，ensure保证，作为about介词的宾语，动名词化，从语义上也准确，问题出在不熟悉上海高考语法填空的常见规则。chatGPT4.0 准确率80%， 而同样试题在chatGPT3.5, claude, sage里准确率惨不忍睹。随着chatGPT的进化迭代，英语辅导老师这个行业要灭掉，因为chatGPT也给出答题的推理过程。 ",微博网页版,,,,https://weibo.com/1982813462/MENGStVUB,0,0,0,没有认证,negative,0.39512473344802856,0.35338112711906433,0.2514941394329071
4895814503629317,2023-04-29 10:50,Lucky学姐考研教育学,https://weibo.com/6005936072?refer_flag=1001030103_,#春日升学特训营# #决战考研# #教育学考研# 考研经验｜393高分上岸，各科经验分享！【天津师范大学 · 学前教育】本期分享人：小赵学姐报考院校：天津师范大学报考专业：学前教育初试分数：393（超详细经验贴，大家根据目录来查看哦）01  /  总体介绍   02  /  政治经验   03  /  英语经验   04  /  333经验    05  /  918经验    01 总体介绍■  本人情况本科是二本院校，考研目标是天津师范大学。初试期间并没有报班，专业课使用了Lucky学姐的辅导资料。复试期间报班了，具体是否需要报班大家要看自己的实际情况哦。最终考研总分为393分，其中专业课一135分，专业课二119分。■  总体时间安排暑假之前，完成考研计划规划的制定。暑假开始，正式备考。■  择校建议择校要考虑自己的实际，不要盲目跟风。选学校急不得，我们需要去了解目标学校的分数线、进复试的人数、初复试参考书有哪些。此外，目标学校的历年真题一定要重视，把握好学校的出题风格。■  坚持才能成功！考研中会遇到各种各样的压力，如果你真的下定决心考研，请你一定要坚持住。因为只有坚持住才能看到希望，坚持住才有可能迎来成功。02 政治经验■  政治复习安排7月-8月开始看徐涛老师的政治课程视频，配合肖秀荣老师的精讲精练，学一章课程做一章1000题，暑假看完了所有的课程视频。9月-10月再过一遍1000题的错题，并在精讲精练中勾画中错题的知识点。11月继续过一遍错题，过错题的时候再看一遍本章重要知识点，期间一直跟进肖秀荣老师的新书，主要是重复重复，一天1小时就够。12月考研前一周直接背诵的四套卷大题，之前都是以选择题知识点为主。■  政治参考书以及考试答题1.政治资料全部用肖秀荣老师的。肖4的大题一定要背，拿到书就背。2.肖秀荣1000题做一遍即可，时间多的话，可以看看腿姐的模拟卷等资料。3.政治的大题，你不会的把材料全部都抄上去。一道简答题你就答个5-6行就够了，最多10行。资料里给的答案非常详细，但是考试还真不一定能写完。03 英语经验■  英语复习安排前期以记忆单词和理解基本语法为主，适当做点阅读，感受真题中单词和语法的出题形式；精读文章，培养自己做阅读的手感。中期以阅读为主，完型为辅，在完型和阅读中对真题词汇加以背诵理解， 时间主要在阅读。后期 （11月之前）开始针对新题型（小三门）进行练习，不用耗费太多精力，掌握基本方法即可。冲刺阶段（11月至上考场前）系统的对作文进行练习，把之前阅读中积累的好词好句开始融入到自己的作文模板中，形成自己的风格，做到看到作文题目就有思路，同时进行完整的真题练习。■  英语参考书以及其他建议1.英语复习使用的书有：考研真相、新东方刘畅老师作文书、田静老师句句真研。2.每天记单词50-60个，单词记忆贯穿整个考研过程不能松懈。3.每天用于英语的时间有2-3小时。4.开始做阅读以后就不要停下，随时保持手感，至少要保证2天一篇。04 333经验■  333教育综合复习总体安排复习资料：Lucky学姐333高分笔记背诵顺序：教原一教心一中教一外教复习时间：6-12月期间一共过5轮，前期每天4-5小时，后期时间还需要增加背诵方法：先把Lucky学姐高分笔记的目录翻一遍，理解整本书主要讲的是什么。前期要把书细细德看，背诵的时候把大框架小框架记熟，而旁边的解释理解即可，不必完全一样。后期就需要完全背熟，看到题可以定位到哪本书，具体哪一个章节。■  333教育综合复习注意要点1.高分扩展不能忽视，有许多题目在高分拓展可以找到。Lucky学姐公众号还会更新一些新出的教育热点，需要去关注一下。2.考研中出现不理解的问题要问清楚，购买Lucky学姐参考书时，配套了一个QQ答疑群，小白学姐跟小宇学长轮流来解答大家的疑惑。起初我没太重视这个群，无意间点开一看，一些研友问到的问题问的很好，有的我没有想到，通过看群里的问答，我自己遇到问题也会去在群里发问学姐学长也很热心的解答。这个群一直陪伴我走过初试，非常感谢这个群里的学长学姐已经群里的小伙伴们。后来群里发了另一个复试热点群，复试期间，这个群里分享好多新的热点，比如ChatGPT、人工智能是否可以取代老师等。3.重视模考！模考！模考！模考结果不理想没关系，所有的模拟考试都是为最终的考试服务，模拟考试里暴露出来的问题需要引起高度重视，这都是自己目前薄弱的地方。05 918学前教育理论经验■  918学前教育理论复习总体安排7-12月每天至少3小时，10月份开始做918真题。■  918学前教育理论复习注意要点参考书教材一定要买。教材是第一位，也是复习的关键所在，笔记及课程只是起到辅助作用，因为笔记只是总结知识点的过程，但是笔记上有的课本上都会有。专业课二复习的思路跟专业课一很相似。先细细的读，把书读透、读厚；再梳理大框架，把书读薄。最后我想说：感谢这位同学为大家带来这么详细的经验贴，希望能为24考研的宝宝们带来一些启发。同时也呼吁往年上岸的学长学姐也能给我积极投稿哦，用经验贴为新一届考研人点亮明灯，还能获得我为大家准备的千元助学金哦！ ,微博网页版,,,https://wx4.sinaimg.cn/orj360/006ysikEgy1hddhfy9wwzj30jz0h3grx.jpg,https://weibo.com/6005936072/MEczwfe9n,2,0,4,黄V认证,neutral,0.25058457255363464,0.45262765884399414,0.2967877984046936
4895239707827994,2023-04-27 20:45,四时常来往,https://weibo.com/6855782800?refer_flag=1001030103_,今天又一次挑战了自我急速学习当代文学然后笔试答题+英语面试英语面试时老师甚至文了chatgpt，绞尽脑汁在颅内搜罗词汇才答出了我想表达的内容，之后还是得继续学习英语，这段时间只听了英语播客，虽然听懂内容上没什么大问题，但很多词汇在自己要用到的时候就想不起来了，非常影响表达，终身学习还是非常必要的呀 ,微博网页版,,,,https://weibo.com/6855782800/MDXCqwQpY,0,0,0,没有认证,neutral,0.3104208707809448,0.3698486387729645,0.3197304308414459
4894529646497969,2023-04-25 21:44,会计老师赵川,https://weibo.com/5516566765?refer_flag=1001030103_,chatgpt说他觉得会计人员不会被人工智能淘汰，这答题的逻辑不就是我们面试的答题逻辑吗 ​​​,微博网页版,,,https://wx3.sinaimg.cn/orj360/0061kX1jly1hdca0qjzr1j31770ifwsi.jpg,https://weibo.com/5516566765/MDF9argpX,0,0,1,黄V认证,negative,0.5331975221633911,0.3780039846897125,0.08879845589399338
4894473190904790,2023-04-25 18:00,为民公考-黄药师,https://weibo.com/6041074160?refer_flag=1001030103_,#为民公考面试真题评价# 2023年4月24日下午陕西省考面试题2.ChatGPT，人工智能火爆，有的人说是利大于弊，有的人说是弊大于利，请问你怎么看?这就是一道老题，还是那个配方，还是那个味道，新瓶装旧酒。1.要快速建立框架，确定每一个层次内容的重点，方便答题不中断。2.要确保扣题，才能让老题焕发新意，正如同样还是那个白酒，换个商标就是新品牌了，所以答题的时候你还要扣上ChatGPT的外壳。3.结合一下实际，利弊分析的时候结合具体应用，答题会相对来说显得思考的深了一些。 ,微博网页版,,,,https://weibo.com/6041074160/MDDG73Nno,1,0,6,黄V认证,neutral,0.34828633069992065,0.4340614974498749,0.21765224635601044
4894455670247236,2023-04-25 16:50,国外问卷调查qq,https://weibo.com/2490856102?refer_flag=1001030103_,泰安柒柒：如何用ChatGPT回答国外问卷的开放题？大家好，我们在做国外问卷的时候经常会遇到一些棘手的开放题，尤其是我们批量去做的时候，如果答案都一样，极有可能会导致不下卡。一般我们遇到开放题都是用百度谷歌等浏览器去搜题的。这种方式其实是比较繁琐的，不仅要搜题，还要翻译而使用ChatGPT的话遇到开放题我们的效率会大大提高。其实不只是开放题，有一些比较难的题也可以用ChatGPT来进行解答，将国外问卷和ChatGPT二者结合来答题其实是一个非常不错的选择。 ,微博网页版,,,,https://weibo.com/2490856102/MDDdR12jG,0,0,0,没有认证,neutral,0.2891017198562622,0.3833574652671814,0.3275408446788788
4894451191776545,2023-04-25 16:32,·甜莓果酱·,https://weibo.com/5604199695?refer_flag=1001030103_,#ChatGPT在会计考试中不如人类#上次用它做了道CPA题做错了，但是答题思路有理有据完全看不出是编的 ​,,,,,https://weibo.com/5604199695/MDD6D7s9X,0,0,0,没有认证,negative,0.5744444131851196,0.32532182335853577,0.10023385286331177
4894418479876033,2023-04-25 14:22,未登峰读书会,https://weibo.com/3303042560?refer_flag=1001030103_,发布了头条文章：《百度答题项目，借助chatgpt自动化躺赚，一个月一个号躺赚3000块》  #未登峰读书会# #未登峰方法# #流量## 晨迎山商学院## 网赚项目#   ​​​ O百度答题项目，借助chatgpt自动化躺赚，一个月一个号躺赚3000块 ​,微博 weibo.com,,,,https://weibo.com/3303042560/MDCfRFrcR,0,0,0,没有认证,neutral,0.18163065612316132,0.6035271883010864,0.21484212577342987
4894299819344212,2023-04-25 06:31,封智勇老师,https://weibo.com/2111872727?refer_flag=1001030103_,科创晚报 2023-04-23 星期日1、德邦入伙“京东生态圈”一年，规模效应仍待提高德邦股份4月20日晚间发布的财报显示，2022年，该公司实现营业收入313.92亿元，同比增长0.1%；实现归属于上市公司股东的净利润为6.49亿元，同比增长339.08%。2022年是德邦股份的关键一年，京东物流完成对德邦物流的收购。根据京东物流披露的数据，2022年7月26日至12月31日期间，德邦物流为京东物流贡献收入为144亿元。（界面新闻）2、微软总裁称中国将是ChatGPT主要对手#微软总裁布拉德・史密斯（Brad Smith）接受采访时表示，中国的研究机构和企业将成为ChatGPT的重要竞争者。史密斯说，中国在生成式人工智能的发展方面不会落后于美国科技巨头。生成式人工智能是一种能够生成文本和图像等内容的技术，这项技术在商业、艺术、教育和医疗等领域有着巨大的潜力，但也引发了一些担忧，比如它可能会取代许多工作、传播错误信息、侵犯版权、泄露隐私和敏感信息等。（IT之家）3、#达利欧称钱够用就好##达利欧称不能忽视赚钱#达利欧表示，年轻人会低估或高估金钱的重要性。如果他们低估金钱因素，走到人生后半程时，比如需要养家的时候，可能就会遇到困难。他们也可能高估金钱因素，很多人习惯存钱，却看不到拥有金钱的目的是什么。金钱自身没有价值，唯一重要的是金钱能带给你的东西。所以年轻人可以想想自己需要什么。对于我来说，拥有有意义的工作和人际关系、喜欢自己的工作、能赚到够用的钱，这就是最好的状态。（新浪财经）4、丰田社长称不会一举将重心转移到纯电动汽车4月22日，据共同社消息，丰田汽车社长佐藤恒治日前接受各家媒体采访，对实现到2035年在全球销售的新车二氧化碳排放量较2019年削减50%以上这一目标表达强烈决心。他指出：“削减二氧化碳最为重要，而纯电动汽车（EV）如何发展是手段问题。”佐藤恒治称，从能源安全的角度出发，不会一举将重心转移到纯电动汽车，而是维持视各国家和地区特点也提供混合动力车（HV）、燃料电池车（FCV）等多种选项的“全方位战略”。他表示，中长期看好纯电动汽车和储氢性能卓越的氢能汽车，但眼下“将寻找现实可行且推动有条不紊过渡的最佳混合办法”。（界面新闻）5、华龙航空2022年温室气体减排超过20%4月23日，新京报贝壳财经记者获悉，亚太地区最大的公务机公司华龙航空发布了年度温室气体排放报告。2022年，华龙航空全年温室气体排放为24997.06吨，相较2021年降低20.93%，人均排放等比降低31.6%，这是自华龙航空宣布碳中和规划后取得的重要成果，将积极影响和加速公务航空业对于节能减排的研究和探索。（新京报）6、平价酸菜鱼品牌“鱼你在一起”逆市增长，疫情中开店超1400家4月17日，酸菜鱼快餐品牌“鱼你在一起”对外宣布，目前品牌在营门店数量达1651家，接下来将加速海外拓店。从官网来看，该品牌专注于酸菜鱼快餐，招牌单品包括热呛酸菜鱼、青花椒酸菜鱼、老坛酸菜鱼等，并提供米饭和小吃等。在小红书等社交平台上，关于它的讨论主要围绕“性价比高”“人均30-40元”“平价酸菜鱼”等。（界面新闻）7、苹果公司拟推出iPhone日记应用，在健康技术市场扩大布局苹果公司这款日记应用命名为“侏罗纪”（Jurassic）。根据文件对该应用软件的描述，这款程序旨在帮助用户记录他们日常生活。根据文件内容，“侏罗纪”应用程序将分析用户的行为，以确定用户典型的一天生活是什么样的，比如用户相较于去别的地方会在家里打发多少时间，以及用户生活的某一天里是否包括一些不符合惯常习惯的事情。（界面新闻）8、果壳CEO姬十三注册成立创投基金“未来光锥”果壳创始人兼CEO嵇晓华（姬十三）已经发起一支新基金——未来光锥前沿科技基金。该基金由果壳发起，姬十三担任基金创始合伙人，目前已正式完成一期人民币基金大约1亿元人民币的募集，将专注于前沿科技驱动早期项目的股权投资。（界面新闻）9、新华三与复旦大学微电子学院达成战略合作4月21日，复旦大学微电子学院与紫光股份旗下新华三集团签署战略合作备忘录。未来，双方将在科研合作与技术攻关、平台建设与成果转化、人才培养与基地建设等方面展开合作。（界面新闻）10、京东健康皮肤医院正式上线 系国内首个皮肤互联网医院4月22日，京东健康皮肤医院发布会在北京召开。京东健康皮肤医院正式上线，这将是国内首个皮肤互联网医院。在互联网医疗行业度过初级阶段，正在医疗体系中发挥越来越重要价值的当下，如何提升服务质量、深挖服务场景，切实解决患者的问题、满足用户的差异化需求，是每个互联网医疗参与方的必答题。（新京报）11、超九成中国受访者考虑购买纯电动汽车4月21日，普华永道发布了《2023年数字化汽车报告》，内容显示，相较美国和德国消费者欢迎汽油车和插电式混合动力汽车，中国消费者更偏爱纯电动汽车，超过90%的受访者考虑购买纯电动汽车。同样，在对比德国和美国消费者对自动驾驶接受程度很低的情况，中国消费者持更开放态度。（界面新闻）12、五年磨一剑，喜马拉雅423听书节成就全民阅读4月23日，第28个世界读书日。喜马拉雅423听书节走到了第六年，今年喜马拉雅开启了“春日种书计划”献礼全民阅读。随着领读人计划上线，《哈利波特》1-7、《郭论4·人间道》、《甄嬛传》、《暗黑者》、《爱情而已》、《无敌剑域》、《蒋勋系列》、《人生》、《从零开始的女性主义》等重磅有声剧、有声图书、课程内容、播客话题得到精品化呈现，丰盛的声音盛宴拉开帷幕。（界面新闻）阿甘顿悟：功成而弗居。夫惟弗居，是以不去 ,微博网页版,,,,https://weibo.com/2111872727/MDzatDcR6,0,0,0,黄V认证,neutral,0.2398618906736374,0.5382519960403442,0.2218860387802124
4893378498008007,2023-04-22 17:30,小梁今天晚睡了吗,https://weibo.com/7746882840?refer_flag=1001030103_,何运晨 23.4.22 星期六 （多动图预警）极限扬州行结束啦！2.19-4.22两个月的专八复习终于结束了，可以好好休息一下了，下面就是文职的面试，没几天又要放五一假和小兮去上海啦！开心开心！上午的专八大概复盘一下吧：1.听力ML整体难度我觉得还好，用铅笔轻轻直接在答题卡上写比在草稿纸上写准确性高一些，话题是关于metaphor的对话是gap year，怎么说感觉听得懂可是选项不知道该怎么选可恨的是，听力超时5分钟，导致阅读时间变短2.阅读难度我都无法评价，因为时间真的很赶。第一篇关于sugar tax，第二篇记不太清了，第三篇好像讲妻子画画什么的，做到第三篇的时候真的是快速浏览盲选答案，好在答完了，简答也写满了3.翻译翻译是关于传统文化，个人觉得难度还好，没有翻译不出来的4.改错根据1删1增8改原则，写满了没空着，话题是multilingual5.作文翻译改错写的快就偷偷提前列了作文的提纲。这话题也是没想到，昨天晚上复习了好久的躺平/ChatGPT没考，考了个游泳和大学毕业感觉字数都没写够写得稀烂昨天晚上没睡好，早上整个人又酸软的发抖，紧急干了半瓶红牛，怎么说呢，这专八我是真的不想再见也不会再见了👋趁着到校早看了看学校，也没有什么变化，扬大酸奶出了新口味，回去尝尝（东关街卖的居然比学校贵）下午和妈妈去了东关街，虽然上大学的时候已经逛过很多次了，不得不说苏浙菜真的很不错，扬州炒饭，大煮干丝，狮子头，蟹黄汤包蛮累的，过分的是居然还发现有人稻我浩，我这么个小透明稻我干嘛回家啦回家啦，最近真的辛苦我自己了，休息休息准备开启下一阶段的奋斗啦！辛苦监工！ （也欢迎大家到扬州来玩） 2扬州 ,何运晨超话,http://t.cn/R2Wx0aF,扬州,https://wx3.sinaimg.cn/orj360/008sh87ely1hd8lsthemjj30u0140gvy.jpg https://wx2.sinaimg.cn/orj360/008sh87ely1hd8lsv3jsqj30u0140wut.jpg https://wx2.sinaimg.cn/orj360/008sh87ely1hd8lswdbimj31400u07k0.jpg https://wx4.sinaimg.cn/orj360/008sh87ely1hd8lsy4i11j31400u04e0.jpg https://wx2.sinaimg.cn/orj360/008sh87ely1hd8lszxdhmj31400u0n8v.jpg https://wx2.sinaimg.cn/orj360/008sh87ely1hd8lt0z8m8j30u0140qfd.jpg https://wx4.sinaimg.cn/orj360/008sh87ely1hd8lt2257lj31400u0gx0.jpg https://wx2.sinaimg.cn/orj360/008sh87ely1hd8lt3d596j30u0140dxw.jpg https://wx1.sinaimg.cn/orj360/008sh87ely1hd8lt4vv8jj30u0140k8l.jpg,https://weibo.com/7746882840/MDbctxBfp,0,0,1,没有认证,neutral,0.2664167284965515,0.4359533488750458,0.2976299524307251
4892974716028043,2023-04-21 14:45,天狼作手,https://weibo.com/1895684102?refer_flag=1001030103_,美国教育技术上市公司Chegg 宣布推出CheggMate AI 辅助学习平台，接入了OpenAI 最新GPT-4 模型。公司结合 Chegg 积累的教育领域高质量、专有数据集和GPT-4 领先的AI 能力，开发了AI 对话式学习助手CheggMate。根据公司官网，AI 学习助手的主要功能包括：驱动性方案（模拟老师和学生进行1V1 答疑，学生可以选择喜爱的教学风格的AI 老师）、个性化学习（根据学生的答题风格、学习进度等提供个性化的评估和配套练习测试）、适应性辅导（AI 老师能够适时调整教学方案，满足学生学习需求）、即时性反馈（通过图表、对话等方式提供即时反馈）。根据路透社，CEO Dan Rosensweig 表示，软件将以ChatGPT 等通用模型/工具无法做到的方式进行个性化练习测试和指导学习，并将在下个月免费提供用户使用。 ,微博网页版,,,,https://weibo.com/1895684102/MD0Hdpiav,1,0,0,黄V认证,neutral,0.06683450937271118,0.6363109946250916,0.29685452580451965
4892688912745723,2023-04-20 19:50,香港文匯網,https://weibo.com/2632236847?refer_flag=1001030103_,【ChatGPT考DSE　一分钟获5级佳绩】一年一度的中学文凭试（DSE）在21日开考，香港文汇报针对主要以文字答题的通识科和中史科考试，让ChatGPT作答2022年两份考卷的选答题，并分别邀得本港资深教育界人士向答案进行评分。结果显示，ChatGPT在不足一分钟时间内，通识科能取得足够升读大学的3级成绩，而中史科考试更获评5级佳绩！OChatGPT考DSE　一分鐘獲5級佳績 L香港文匯網的微博视频 ,微博视频号,,,,https://weibo.com/2632236847/MCTgfbwhR,0,1,3,蓝V认证,neutral,0.220330610871315,0.475464791059494,0.3042046129703522
4892445039394879,2023-04-20 03:40,T雲中渊,https://weibo.com/5455425942?refer_flag=1001030103_,20230420答题时间一一求阴影面积​前几日微博上刷到一个小学五年级几何题，题意大致是“一个边长4cm正方形中，以其中一个角为圆心、边长为半径画1/4圆与以不相邻边长的中点为圆心、边长为直径画半圆相交，求解1/4圆与半圆相交阴影部分的面积？（如图一）”​为证明我的数学能力与小学五年级基本相当，便尝试解题。由圆的面积公式S圆=兀r＾2可计算得出，图中1/4圆面积=2倍半圆面积，然后就没有然后了；换个思路，想象将1/4圆与半圆各向左右展开，得到一个16*4的长方形与各分左右的1/4圆与半圆，又没然后了；仔细观察图一，正方形扣除1/4圆的部分与正方形扣除半圆的部分之后，正是阴影部分的面积，于是想到用正方形面积减去上述部分，得4*4-(4*4-(3.14*4＾2)/4)-(4*4-(3.14*2＾2)/2）=2.84平方cm，自以为解出阴影面积。​至晚将入睡前，忽然感到甚不踏实，于是再次调出图一，阴影面积仿佛一条跃出水面后向水平位跃下的鱼身，它左右摆动鱼尾，溅了我一脸水花。我脑中映出遴遴水面，那波光刺痛着我的眼，那摆动的鱼尾似向我划出一个个叉。再细察图一，如按日间的方法，分别扣除1/4圆与半圆的部分，即鱼尾部分重叠，若此计算的鱼身面积则少了一鱼尾部分。​睡意顿去，望图欲穿，反复琢磨，亦是无可奈何！在岁月的单行线上，却不经意间因五年级的一道坎跌摔一跤，在迷茫中张望，青春却是不再！三个搜索引擎，必有我师！便用​百度、夸克求解，得出的答案不一，甚至有用列方程求解，或用微积分求解，直到这时盼望着能向chatGPT提问，以便能捉住鱼身。​便是由那一点未曾褪色的求知欲为圆心，以不再拥有的青春为半径，经由许多错误却坚持的弧，终是找到如图二的答案，终是能在睡梦中向青春的方向奔去，去捉那一条跃出时光的鱼。 ,HUAWEI Mate 20 Pro,,,https://wx3.sinaimg.cn/orj360/005Xcpv0ly1hd5mnv1x3hj30ic0m4n0a.jpg https://wx4.sinaimg.cn/thumb150/005Xcpv0ly1hd5mnvj8a5j31130kwh1t.jpg https://wx3.sinaimg.cn/thumb150/005Xcpv0ly1hd5mnvu2pgj31t00u043y.jpg,https://weibo.com/5455425942/MCMUTDq2j,0,0,0,没有认证,neutral,0.2335910201072693,0.46763157844543457,0.29877743124961853
4892367171363771,2023-04-19 22:31,省委小样,https://weibo.com/5855525504?refer_flag=1001030103_,其实大部分热点，其呈现的事件不同，但答题的本质相同。比如ChatGpt话题，是不是和前两年的人工智能、AI一样，把主体换成ChatGpt，就是新的面试题目，但其分析原因，影响，对策等，都一样了，这也是涂言硕语面试热点不写这个话题的原因。再比如：消费刺客话题，最近的一盒纸巾5元钱，西湖划船刺客，是不是和之前的6根面20元，天价大虾等等话题一样，只是主体不同，其背后的原因，危害，对策是不是都一样的呢？还有什么，好政策，坏政策等等，只是表述的主体不同，呈现的答案不同，但是其分析的角度，答题的逻辑，是不是完全一致呢？这就需要大家要学会答一道题，解决一类的。这也是大多数机构说的练母题的关键。当然，也要防止套路化模板化，这里的套路化模板化就是万能化，不是说要盲目创新，避免之前的分析角度，答题框架，而且让你们在这些分析角度和答题框架中就题论题，比如，遇到题是加大宣传，这是你要说如何加大宣传，比如：可以说：为什么要宣传，通过那种形式宣传什么，达到什么目的等等，这种切合题目的表述。#陕西省考# ,微博网页版,,,,https://weibo.com/5855525504/MCKTj5IMj,1,3,2,黄V认证,neutral,0.2968214452266693,0.5274503827095032,0.1757282167673111
4892263370722688,2023-04-19 15:39,华夏时报,https://weibo.com/1838672663?refer_flag=1001030103_,【“沾光”ChatGPT股价遭热炒 云从科技业绩难题待解】盈利难本来是AI行业共存的难题，但经过前两年疫情等因素的影响，如何实现持续增长也成为AI企业的一个必答题。4月17日，云从科技发布的2022年年报显示，去年其5.26亿元的营收同比下降51.06%；归属净亏损则同比扩大37.5%至8.69亿元。相比同样处在疫情之时的2021年，云从科技的业绩在去年受到的负面影响更强烈。2021年，云从科技实现营收同比增长以及归属净亏损收窄。不过，在资本市场云从科技受到投资者热捧。作为ChatGPT概念股，云从科技股价今年以来持续走高，自今年年初的15元左右涨至4月4日61.8元的上市以来最高点，今年以来云从科技股价涨幅已接近180%。截至4月19日记者发稿时，云从科技股价在43元上下徘徊，这较4月4日其达到的52周最高点跌30%。 O“沾光”ChatGPT股价遭热炒 云从科技业绩难题待解 ,微博 weibo.com,,,,https://weibo.com/1838672663/MCIbT320g,0,0,0,蓝V认证,neutral,0.3389795124530792,0.48223793506622314,0.1787826269865036
4891552234609038,2023-04-17 16:33,夏日之阳新闻传播考研,https://weibo.com/3321496530?refer_flag=1001030103_,抽奖福利 | 新传考研界的第一笔记《圣典笔记》大抽奖！这两天24各个新生群和二战群炸了。竟然为了解圣典笔记深夜消息一直999+。有些人在群里表面按兵不动，结果都私下找我购买。看来有群有组织才是获得最新消息和笔记的第一步。插一句，还有要进院校群吗？群里依旧会发各种资料和笔记，加我微信banxiakaoyan008或者banxiakaoyan888，我直接拉你进群。我这两天看讨论最多的就是笔记。你是不是想要一本“好背诵”“好理解”“特别全”“考题就出在里面”的笔记？ 🧡这不就来了。拥有圣典你就拥有了什么？1.所有新传知识点，融为一体，按照最理想的新传框架组织起来，成就一本笔记。2.它按照“分条法”“提字法”撰写而成，易于背诵。3.它有极为详尽的解析，每个之前懵懵懂懂的知识点，看完圣典，你不仅深入了解，而且可以放进框架体系中。4.它还教你如何答题。“四问法”“答题矩阵”“全面框架梳理”，有了它，你不需要任何其他劣质笔记，就能考上新传。5.它不厚，200来页，是正常辅导教材的厚度。但它真的，很精华。你找得到的、找不到的所有参考书上的知识点，全部都可以找到。13年来，它被称为新传第一笔记，主打教你如何从110考到130。报考名校的学生人手一本。今年数名考央民420+分的同学使用了我们的圣典或辅导班成功上岸。这里戳圣典试读：圣典笔记不仅有词条，针对三跨考生难懂的词条，圣典笔记还做了清晰的解读。对于特别难的部分，比如研究方法，圣典笔记的词条解读比甚至到达了1:4，可谓知无不言。而且今年半夏的《圣典》在内容上，师哥做了大规模的调整和更新。连最新的热点都已涵盖。甚至包括对ChatGPT的解析，以及23年全部高校考察的重点真题涉及的知识点。不看白不看啊。✨它可是针对院校的！PS：全程班的童鞋，圣典是免费寄送的哦～🔆半夏24年《圣典》价格一定是最具性价比的，今年的圣典，我们将分专业售卖：一本119，两本199，三本269，四本339，五本399，六本459，七本499。赠送院校真题（无答案）包括了科目版辅导书、院校特殊知识点辅导书！🌱抽奖方式🌱   🧡【转发＋评论+赞】一等奖：揪一位宝子送上院校针对性《圣典笔记》（价值499+元）二等奖：揪三位宝子送院校针对性《圣典笔记》50元优惠券 🧡开奖人数: 锦鲤4名  🧡开奖时间:  4月24日快来冲冲冲！新传考研 🔹 #新闻传播学考研#🔹 #新闻与传播# 🔹 #24考研# O抽奖详情 🔹中传考研 🔹 中央民族大学 ,新传考研超话,,,https://wx2.sinaimg.cn/orj360/c5fa03d2ly1hd2s4bzprtj20u00l8q48.jpg https://wx2.sinaimg.cn/orj360/c5fa03d2ly1hd2s4ec6bqj20p00an0uc.jpg https://wx4.sinaimg.cn/orj360/c5fa03d2ly1hd2s4bz9d0j20rg14040c.jpg https://wx3.sinaimg.cn/thumb150/c5fa03d2ly1hd2sdbyngpj20is2bin91.jpg https://wx4.sinaimg.cn/thumb150/c5fa03d2ly1hd2sdc8f9pj20it39panh.jpg https://wx4.sinaimg.cn/thumb150/c5fa03d2ly1hd2sg7qxp7j20pq23ze20.jpg,https://weibo.com/3321496530/MCpGTjl1k,53,66,65,黄V认证,neutral,0.26259487867355347,0.4679807722568512,0.26942431926727295
4891530576528051,2023-04-17 15:07,Li星月的欢喜,https://weibo.com/7580536464?refer_flag=1001030103_,刷到老阳的奇妙电波讲到关于对chatgpt 的心智测试Theory of Mind的一个经典的问题，讲述两个人在不同时间把猫放到了不同的地方，问他们各自是怎么想的。其中chatgpt不仅成功的回答出了答题人对于测试中提到的两个人的心理活动，有意思的是chatgpt也回答出了猫的心理活动，盒子的心理活动还有篮子的心理活动。这真的挺有意思的，我感觉chatgpt看待they这个单词明显的要比人类复杂的多，这就可能是算是一种，心智的表现。其实我并不会因此而感到害怕，相反的，我认为chatgpt的那种超越人类的多角度思考会帮助人类更接近存在的真相，宇宙的真相。毁灭什么的，讲真地球上人类毁灭人类的例子太多了，所以毁灭到底有什么值得害怕的呢？人生不过百年，我更愿意相信chatgpt可以给人类带来更多的可能性而不是毁灭人类。马斯克不是喜欢火星么，也许不超过20年，我们这代90后可以在语言模型的帮助下就可以很快的实现火星商业旅行的计划了呢 怕什么，停什么训练，练起来好么？ #研究称chatgpt背后模型具有人类心智# ,iPhone 14 Pro Max,,,https://wx1.sinaimg.cn/orj360/008h19Pagy1hd2pmzvt3pj30zu0g9goi.jpg,https://weibo.com/7580536464/MCp7Xrof9,0,0,1,没有认证,neutral,0.29336169362068176,0.5317241549491882,0.17491422593593597
4891491019784365,2023-04-17 12:30,半月谈公考,https://weibo.com/3180701235?refer_flag=1001030103_,以前看热搜觉得好笑，现在看热搜觉得好慌——很多小伙伴公考进面的喜悦，逐渐被面试出题人的反应速度冲淡。这些年的考试，考官越来越喜欢拿着新鲜热乎的新闻问考生怎么看，考生从不知道从何说起，到不知所云，再到几度崩溃，最后答出来的比ChatGPT文本还像AI，离了个大谱。其实，这届出卷人的反套路从未停止，“热搜话题成为面试题”也是屡见不鲜。但“生活在路由器上”的年轻人们，往往是“吃瓜一时爽，答题无所讲”。来，谈哥教你如何建立答题话术，把话题吃瓜的福尔摩斯式的缜密思路，转化到对面试答题的解读上来。#公考# #公考面试# ,微博网页版,,,https://wx2.sinaimg.cn/orj360/bd95a633ly1hd2izpmi56j20p018gk1k.jpg https://wx4.sinaimg.cn/orj360/bd95a633ly1hd2izrvf6uj20p018g489.jpg https://wx4.sinaimg.cn/orj360/bd95a633ly1hd2iztbtr5j20p018g48k.jpg https://wx2.sinaimg.cn/orj360/bd95a633ly1hd2izv1qkrj20p018gn7n.jpg,https://weibo.com/3180701235/MCo69F3ml,4,0,7,蓝V认证,neutral,0.38225969672203064,0.39574599266052246,0.2219942957162857
4890918068946588,2023-04-15 22:33,夏日之阳新闻传播考研,https://weibo.com/3321496530?refer_flag=1001030103_,重磅！全国最强新传笔记「食用指南」，这样用圣典才能事半功倍~24年考研预备役已经打响。我们的镇店之宝·圣典还会远吗！这次，在内容上，师哥做了大规模的调整和更新。最新的热点都已涵盖。甚至包括对ChatGPT的解析，以及23年全部高校考察的重点真题涉及的知识点。那么在正式使用前，如何能够最大化《圣典》的作用呢？让我们一起来看下师哥的使用指南吧~在开始之前，这里先强调一下看圣典的两个基本原则。关键词：两个基本原则1.先看一遍基础书目，再看圣典。必须把新闻理论基础书目（新闻学概论/新闻理论十讲）和传播理论基础书目（传播学教程/传播学基础）和网络传播学各看一本。2.要把圣典上的每部分知识，都变成自己的东西。只要打开圣典，就要认真学习，不要沉浸于走马观花看了一遍的自我满足。好了，记住上面两个基本原则，我们正式进入圣典使用方法的细节部分啦~千万别小看目录用好检索功能+用好背诵功能第一，用好检索功能碰到不会的知识点，可以在目录上进行定位，直接翻到对应的地方。提高效率，对知识能够做到随用随取~别小看翻书浪费的时间，考研的时间也像海绵里的水，需要不断挤出来~咱们主打就是一个“精准定位”！传播学《圣典》目录一览👇网络传播学《圣典》目录一览👇第二，用好背诵功能。其实，目录除了它本身自带的检索功能，还有一个隐藏功能等着大家去发掘，那就是它作为“第二考纲”的隐藏功能。学校官方给的考纲，大多比较基础，那咱们圣典的目录，就是加入了热点在内的更为深入的考纲。每天晚上，把当天看过的圣典内容，对着目录进行回忆，查缺补漏、由点入面。一天天的积累下来，准研究生就是你！序言部分看2+n遍开篇第一部分 序言·思维对于任何书目来说，序言都是作者给读者的一些交代和叮嘱，其中包括但不限于使用方法之类的干货。师哥也一样。用整整13页的篇幅来给出一些干货，时时谨记，常常回顾，才算没有辜负师哥的一番苦心，而你也必将比没有看过这部分的同学，多出很多效率和自信。师哥一直相信，如果你真的花时间把序言部分好好吸收消化，一定会重视如何搭建答题思维，而不是生搬硬套。第一节，我们告诉大家知识点的结构；第二节，我们告诉大家导师想要的元模板。第三节，我们就要彻底打穿二者的隔阂，告诉大家如何学习，才能把多杂散匿的知识点聚沙成塔、笼溪成河，构建出答题的巨大框架来。努力理解师哥的逻辑理解为“主”+发散为“辅”看的时候，一定要以理解为主。就是当你看完一个知识点或者一段话，你要清楚的认识到，这个知识点或者这段话，是怎么来的，可以用在哪里，怎样能加入一些自己的发散。第一遍看圣典，不求你能够进行大篇幅的记忆，你看中的应该是自己的理解。只有真正理解了，这几本厚厚的书，才能成为你自己的东西，才算没有白看。认真看小字部分解读这可是精华所在！在每一个知识点讲解之后，都附带了一部分的小字。如果说前面的理论或者知识点本身，是你在名词解释或者简答中要呈现在试卷上的部分，那后面的小字部分，就是帮助你进行理解，并且帮你在论述或者分析题中更好的将知识点进行融入和串联。So，小字部分不可小觑，毕竟我们前面强调了多遍，理解为王，理解才能帮你真正拿到高分。相似概念对比分类后比对记忆，更加清晰在知识点学习过程中，你会遇到超多很相似的知识点，比如，议程设置、框架理论、拟态环境，傻傻分不清……这时候，一定要把这些知识点进行归类，比对记忆，会更加有效和清晰。当然今年的圣典我们专门有带读群，每天都会有师姐带读，并且提出思考题，同大家进行讨论，并且会作出点评。拿到圣典的同学赶快加群哦~关于圣典背诵背诵前要做到认真理解一遍大家非常关心的一个问题，就是圣典应该从什么时候开始背。这里给大家一个标准，就是基本进入7月份，大家就可以进行第一遍背诵了。但是在背诵之前，有一个硬性要求，就是你认真的理解过一遍圣典了。在背诵时，要做好规划，时间计划要尽可能的细化，不要只是“七月份前半个月背完第几章”这个样子，具体到每一天，当天不完成，不睡觉。（决心是要有滴）准备活页纸随学随记更有助于加深记忆在看圣典时，手边一定要放上纸笔，把疑问和思考随时记下来，进行统一的查阅和答疑。然后夹在圣典的对应部分，方便之后背诵的时候一起进行加深记忆。圣典的答疑群，一定要进！里面有专门的师哥师姐进行全方面答疑，解决你对知识点的任何疑问。如果答疑时要用到手机，要记住一条原则，不要每个疑问都拿起手机。因为可能你的手还没伸向百度谷歌，就已经伸向了微博热搜，伸向了B站……重磅福利以上就是圣典的七条「食用指南」，希望大家能够认真读完，让手中的圣典，发挥它的最大价值~其他同学如果需要可以在新传考研小破网【新传de乌托邦】获取师哥为大家提供的试读章节福利~（是批判学派重法兰克福学派的知识点）【新传de乌托邦】链接：点击24考研--圣典试读即可阅读！新传考研中传考研#24考研# ,微博网页版,,,https://wx4.sinaimg.cn/orj360/c5fa03d2ly1hd0ragqddoj20p00antgy.jpg,https://weibo.com/3321496530/MC9c2BxpO,0,0,2,黄V认证,neutral,0.23793357610702515,0.48434340953826904,0.2777229845523834
4890824195970917,2023-04-15 16:20,夏日之阳新闻传播考研,https://weibo.com/3321496530?refer_flag=1001030103_,对不起，圣典出晚了，新增了ChatGPT等人工智能全解析是的，今年圣典出晚了。因为今年的考题变化实在太大了。整整四个月，夏阳老师翻阅了2023年全部的真题，系统完整地梳理，找到了最新的考题方向。24年全部高校考察的重点真题涉及的知识点。我们加到了圣典里。另外2024年最新大趋势——网络传播与人工智能、新媒体国际传播将是所有高校必考题。研究方法和基础理论开始加强考察。对此，我们做了完整地解析。甚至包括对最新最火的ChatGPT的解析。Q1：《圣典》是什么？A1:它是一本笔记，而且是你理想中的模样。你是不是想要一本“好背诵”“好理解”“特别全”“考题就出在里面”的笔记？它就是。它重构了所有新传知识点，融为一体，按照最理想的新传框架组织起来，成就一本笔记。它按照“分条法”“提字法”撰写而成，易于背诵。它有极为详尽的解析，每个之前懵懵懂懂的知识点，看完圣典，你不仅深入了解，而且可以放进框架体系中。它还教你如何答题。“四问法”“答题矩阵”“全面框架梳理”，有了它，你不需要任何其他劣质笔记，就能考上新传。它不厚，200来页，是正常辅导教材的厚度。但它真的，很精华。你找得到的、找不到的所有参考书上的知识点，全部都可以找到。13年来，它被称为新传第一笔记。报考名校的学生人手一本。Q2：我背完圣典还是不怎么理解，怎么办？A2:别担心，圣典里有一个特别好的优点，就是“解析”。圣典笔记不仅有词条，针对三跨考生难懂的词条，圣典笔记还做了清晰的解读。对于特别难的部分，比如研究方法，圣典笔记的词条解读比甚至到达了1:4，可谓知无不言。Q3：我理解了，可是答题仍然不会，怎么办？A3:别担心，圣典为大家详细解析了论述题的答题方法。半夏十多年来坚持分析答题技巧与方法，独创了“词条+视角+矩阵+框架”四维答题方法，将知识点串联成超级清晰的脉络体系并用于答题。运用这种超强的答题技巧，半夏历史上曾有学生获得导师惊叹的超高成绩：147分（中国传媒大学新媒体专业）也曾帮助师姐考过惊人的：445分（浙江大学传播学专业）Q4：有时候出门没带书，但是想复习，能给电子版吗？A4:嗯，有。师哥花费很大的代价，为大家洽谈安排了电子化圣典服务。你们只需要购买圣典，2天内就会给调配电子化圣典。目前电子化圣典支持目录功能和标记重点功能，以及留言评论功能。虽然还没有检索功能但是将来会有的～Q5：我还没确定目标院校，无法确定参考书目，可以购买圣典吗？A5:确定目标院校是一件非常重要的事情，越早确定越好。但是比择校更重要的是：尽早的开始基础参考书目的学习。比如《传播学教程》、《新闻学概论》、《网络传播概论》等基本是全国大部分高校的参考书目，即便你现在还没确定目标院校，也可以着手复习，这些重要的内容在圣典中都有编著。Q6：买了圣典还需要自己做笔记吗？A6:不用。里面连背诵技巧都给你拟好，直接背即可。Q7：圣典知识点总结全面吗？A7:没有任何师哥师姐的辅导，能比我们更全面。为什么呢？因为我们做了市面上所有参考书的电子版笔记，然后把他们融汇在一起了。以新闻理论来说，我们先安排讲师团队专门制作了包括《新闻学概论7》《新闻学概论（编写组》《新闻理论十讲》《解析中国新闻传播学》《融合新闻学》《网络新闻传播学》《新闻学导论》《新闻业的救赎》《新闻理论新编》《理论新闻传播学导论》……只要市面上有的新闻理论辅导书，我们全部掌握，然后专门研习、汇总、融合、提升，形成了《新闻理论圣典》一册书。我们拿2023年各大高校真题做了检测，发现所有知识点，都在我们呕心沥血制作的这本书上。背完它，直接考试，没有任何问题。Q8：那它针对院校吗？A8:虽然各个院校考察的知识模块差异很大，但知识范围本身是相通的。比如中央民族大学MJC考察新闻理论、新闻业务、新闻史、传播、网络传播，广告，广电。我们都有相应的笔记提供。并且，我们列出了适合的百余所院校，大家可以看后面的院校表，如果适合你的学校，就可以买。* 以上仅为部分院校展示，还在持续更新中……Q9：可是我们学校会考特殊内容。你们的圣典这么全面，那我们学校的特殊知识点有吗？A9:我们的圣典，是分模块单独出售的。你可以根据你学校考察的模块，选择新闻传播，或广告广电。如果你学校考察极为特殊的内容，比如央民考察营销策划，我们也一样会提供这本书的笔记给你。你根据学校情况下单即可。比如：上海外国语大学英文作答，因此专门为大家提供了专业词条英文翻译；中央民族大学考察内容极为广泛但很浅，因此知识点结构重新调整适合央民；中国农业大学新增艺术影视与美学，因此我们邀请了艺术团队支持笔记；北京体育大学邀请6位师姐撰写适合北体的体育新闻专册；中国传媒大学考察文史哲，干脆直接单做文史哲考试内容；四川大学符号学独树一帜，因此邀请师姐专门打造了符号学笔记。 ……这些笔记都是可以单独购买的。只要你提出需求，我们就会提供。Q10：师哥我问完了，你还有什么想说的吗？A10:我……好吧！咱们的圣典，真的很用心在做。所以，虽然分批发货，但是全部包邮！这是你爱听的了吧哈哈哈！此外，今年的圣典会以分批发送的方式进行。先给大家出传播理论与网络传播的圣典，同时配合全程班的春季学习部分。之后将发送新闻理论、新闻史等圣典，逐步帮助大家复习……这样，我们就不会因为一次性邮寄太多书而恐慌，按部就班完成学习任务，考到400分以上就从梦想变成现实了。PS：全程班的童鞋，圣典是免费寄送的哦～传播学《圣典》目录一览：(见图）网络传播学《圣典》目录一览：(见图）Q11：现在购买圣典有什么价格优惠？A11:半夏一直是以公益与利益并重的，一切为学生服务为主。半夏24年《圣典》价格一定是最具性价比的，今年的圣典，我们将分专业售卖：一本119，两本199，三本269，四本339，五本399，六本459，七本499。赠送院校真题（无答案）包括了科目版辅导书、院校特殊知识点辅导书！⚠️限时优惠⚠️转发本篇文章到2个非半夏内部考研群，即可获得20元优惠券一张使用规则：* 购买两本以上圣典即可使用* 每人仅限使用一次⏰此项活动将在4月30日截止。大家快点下单，我这里就快点发喽～🙋‍♂️保存下方图片，打开“淘宝”APP即可直达～新传考研中传考研#24考研##新闻与传播# ,微博网页版,,,https://wx4.sinaimg.cn/orj360/c5fa03d2ly1hd0gh51hxqj20ed0dvdl8.jpg https://wx4.sinaimg.cn/orj360/c5fa03d2ly1hd0gh5699zj20u00me41f.jpg https://wx4.sinaimg.cn/orj360/c5fa03d2ly1hd0gh5amyhj20d805ktd4.jpg https://wx1.sinaimg.cn/orj360/c5fa03d2ly1hd0gh5ei09j20sg0mit9j.jpg https://wx4.sinaimg.cn/orj360/c5fa03d2ly1hd0gic0gehj20p00anada.jpg https://wx4.sinaimg.cn/orj360/c5fa03d2ly1hd0gh5ipbtj20gu0b6wiw.jpg https://wx4.sinaimg.cn/thumb150/c5fa03d2ly1hd0gh5pfkrj20pq23ze20.jpg https://wx2.sinaimg.cn/orj360/c5fa03d2ly1hd0gh5vry1j20u00l8q48.jpg https://wx1.sinaimg.cn/thumb150/c5fa03d2ly1hd0gh61r9lj20is2bin91.jpg,https://weibo.com/3321496530/MC6KDp3j7,0,0,4,黄V认证,neutral,0.2371646761894226,0.4881904125213623,0.2746449112892151
4890811663388539,2023-04-15 15:30,草原上的一支花,https://weibo.com/7711226465?refer_flag=1001030103_,ChatGPT真的太好用了，谁用谁知道！可以回答你所未知的一切问题，而且有理有据高质量。写任何文章，写程序，答题，文案，策划等都不在话下，文理通吃。有空再研究下结合ChatGPT进行AI画图，画一切你所想象出要画的图片。人们对未来 AI 的想象是非常丰富的，值得一谈的是，人们认为“更好”的 AI，就是与人类无限相似，甚至超越人类能力的存在。我们又对 AI 是否“太像”人类而感到惴惴不安。这种现象归根结底是人们既希望 AI 强大到能够快速理解人类意图，却又极其不希望其拥有人类的意识。 ,荣耀X20 SE,,,https://wx3.sinaimg.cn/orj360/008pRwgpgy1hd0f2grq4dj30rb0i7wis.jpg https://wx1.sinaimg.cn/orj360/008pRwgpgy1hd0f2hepw3j30kk0dldi5.jpg https://wx4.sinaimg.cn/orj360/008pRwgpgy1hd0f2hwukbj30xc0m8760.jpg https://wx2.sinaimg.cn/thumb150/008pRwgpgy1hd0f2m9e60j30g90a1q38.jpg https://wx3.sinaimg.cn/orj360/008pRwgpgy1hd0f2ml2igj30g90a1q38.jpg,https://weibo.com/7711226465/MC6qqedvR,0,0,0,没有认证,neutral,0.27979815006256104,0.3874970078468323,0.33270490169525146
4890179665925531,2023-04-13 21:39,树屋的小P,https://weibo.com/1400936561?refer_flag=1001030103_,友友们！刚才我在网上参加了一场Unity模拟面试……事情是这样的。之前我买了一套Unity课程，授课老师隔周会在B站直播模拟面试。我上上周看过一次别人答题，觉得很有意思。今天就跟着起哄在弹幕里刷1，结果被老师揪到了！我直播间抽奖手气都没这么好！！！被揪到后我手忙脚乱了好一阵，现给耳机插麦，但是麦没调好声音出不来。然后老师又加我QQ，一个语音电话打了过来……我只能硬着头皮上了……面试题是老师当场让ChatGPT给我出的，一共5道。涉及预制体、游戏优化、Shader、渲染管线和协程。我虽然都能讲两句，但答得不是很系统，协程那道题也答错了等模拟面试结束，我紧张得双手冰凉……不过后来老师发来的QQ还是让我得到了些许安慰友友们，事实告诉我们，没事不要乱在弹幕里扣1。 ,微博网页版,,,https://wx4.sinaimg.cn/orj360/53809871ly1hcyegnwxi7j20g6039jsp.jpg,https://weibo.com/1400936561/MBPZ4oRv5,1,1,12,没有认证,neutral,0.3729884624481201,0.40144774317741394,0.22556380927562714
4890034110469102,2023-04-13 12:00,走小喵,https://weibo.com/2375585511?refer_flag=1001030103_,🌱面对社科类问题答案，快速区分为chatgpt答题还是人工答题？例证是否具有【细枝末节】感chatgpt文风比较高大上，【有宏观缺微观】〰️〰️〰️🌱延伸问题：文字工作者，如何对待chatgpt？把chatgpt当个小助手还行，类似于会计把算盘换成电脑。现在可以在某些使用场景下，把word换chatgpt了 ,iPhone客户端,,,,https://weibo.com/2375585511/MBMcj1Y2a,0,0,1,没有认证,neutral,0.3350377380847931,0.4721628725528717,0.1927994042634964
4889542425576023,2023-04-12 03:27,-冰棱,https://weibo.com/3282312475?refer_flag=1001030103_,救命啊 知乎上老是有删不完屏蔽不掉的编故事的已经够烦了 现在又多出来拿chatgpt答题的 ​,iPhone,,,,https://weibo.com/3282312475/MBzpgnozR,0,0,0,没有认证,negative,0.7888907194137573,0.1358790099620819,0.07523026317358017
4888601789205971,2023-04-09 13:09,会计老师赵川,https://weibo.com/5516566765?refer_flag=1001030103_,Chatgpt不仅霸榜股市，引领大A行情，连考场也不放过。每次科技的进步，都引发广泛关注，作为科技热点来考查，毕竟技术的进步才能推动人类社会的进步。但这次再往前点会不会给人类带来威胁，马斯克正在叫停人工智能的推理训练。一位小伙伴早上答题时说，技术是好的，关键看用技术的人，很赞👍 ​,HUAWEI P30,,,,https://weibo.com/5516566765/MBaW6CCTp,0,0,0,黄V认证,positive,0.16105875372886658,0.24817876517772675,0.5907624959945679
4888565928170677,2023-04-09 10:46,飞凤山主人,https://weibo.com/1807353680?refer_flag=1001030103_,给自己挖了个大坑。开学的时候ChatGPT刚出来，试了一下感觉答题还不到平均水平，于是告诉学生期末考试可以用AI。今天试了一下GPT4，没想到这货已经可以拿到90分了。。。。。。 ​,微博网页版,,,,https://weibo.com/1807353680/MBa0gyhz7,1,2,6,没有认证,negative,0.3621981739997864,0.3451395332813263,0.2926623523235321
4888234901111702,2023-04-08 12:51,奥利奥无限供应周计划,https://weibo.com/7277660362?refer_flag=1001030103_,chatGPT非常适合去答题 我悟了 ​,微博轻享版,,,,https://weibo.com/7277660362/MB1om4FcG,0,0,0,没有认证,positive,0.11952279508113861,0.4138927459716797,0.46658438444137573
4887898551488651,2023-04-07 14:34,财富时代,https://weibo.com/6882846664?refer_flag=1001030103_,#财富时代# 今日推荐安徽美通资产董事长，微博知名财经博主，《财富时代》专栏作家 老师《揭开ChatGPT面纱 寻找投资机会》 。2022年11月，OpenAI公司推出聊天机器人ChatGPT，目前已有1亿多用户使用。与普通的聊天机器人相比，ChatGPT更能听得懂“人话”，不仅可以理解复杂语句内容及上下文语境，快速给予用户一个清晰的、高质量的解答，并且连写小说、改代码、进行考试答题等复杂任务也可取得良好的效果。 O揭开ChatGPT面纱 寻找投资机会 ,微博 weibo.com,,,,https://weibo.com/6882846664/MASDR6fgv,3,4,7,蓝V认证,neutral,0.21498353779315948,0.489970862865448,0.2950456142425537
4887628229640288,2023-04-06 20:40,传播学考研就找瓦洛佳,https://weibo.com/1927461257?refer_flag=1001030103_,【《传播学教程》有哪些点容易漏掉？（1）#核心导读#和瓦叔一起读书# 】传播学教程相比同学们都看过一遍了。包括相关的复习资料可能也有过。但是这本书的考察有一个特点，就是越来越冷，越来越细。甚至随处出现的一句话都可能会出考题。这里我想从第一章开始，简单做个总结，给大家归纳一下：第一章：库利对传播的定义、社会信息、双重偶然性、社会信息系统、精神交往 论(重要)、中国传播学发展史(重要)1.库利对传播的定义，也就是“传播指的是人与人的关系赖以成立和发展的机制 ——包括一切精神象征及其在空间中得到传递，在时间上得到保存的手段。它包括表情、态度和动作、声调、语言、文章、印刷品、铁路、电报、电话以及人类征服空间和时间的其他任何最新成果”，还包括后面的“流通也必然伴随着人与人的交往或以物为中介的精神交流和社会互动关系” 这部分知识点提出来说是因为它有两个作用：一是它属于库利的一个容易被人忽略的贡献。如果库利出简答或者论述，应该把这个补充进去。第二是，这个定义强调了传播的时间传承性，这一点可以用到文化传播上。同时，随着这几年媒介物质性的强调，库利对于铁路的研究也逐渐被人重视。同济大学就考过一道题：“库利认为铁路也是媒介，人与人的交流是以物质为中介的精神交流，谈谈你对传播 研究物质性转向的看法”，本题如果不了解这个定义，就很难做。2.社会信息，注意社会信息和信息是不同的。这是一道冷门题，但是曾经出过简答。除了简单的“人类社会在生产和交往活动中所交流或交换的信息”这句定义以外，还需要回答出它和自然信息的区别。也就是它为什么包含精神内容（它伴随着人复杂的精神和心理活动，伴随着人的态度、感情、价值和意识形态；它的载体也就是符号系统是与物质劳动密切相关的精神劳动的创造物）这个内容说起来不难，但是如果没一点印象的话，恐怕真考还是很有难度的。所幸这是一道冷门题，不用太过背诵。3.传播的特点。传播学教程的这个小标题叫做“传播的定义和特点”传播的定义人人都知道，但是传播的特点（也就是信息共享、社会关系、双向互动、意义空间、行为过程系统）这个知识点经常不被人重视，或者以为背个关键词就行了不求甚解，其实考的非常多。仅以2021年为例，东北师大和北京印刷学院都考过大题，北京印刷学院还要求结合现实举出例子阐述。如果没记住特点，或者只记住这几个关键词，不深度理解，那么这道题显然就要大丢分了。即使这个知识点补考，这个知识点其实意义很大，因为传播的特点实际上是可以套用在所有的传播现象里的。也就是你什么样的传播题目都可以用。举个例子，单讲一个传播的社会关系性，你直接加一个“郭庆光指出，传受双方表述的内容和采取的姿态、措辞等，无不反映着各自的社会角色和地位” ，接下来你在分析任何的传播现象（比如近些天来孔乙己引发的全民舆情），都可以直接带入社会环境来进行分析了。（比如孔乙己之间，可以带入官媒的身份象征、受众的阶层属性、社会的复杂情绪）这个其实非常有用，比5W能够分析的更加深层。尤其是二战同学，建议认真的去思考分析这几个特点，绝对有用。4.社会信息系统的特点，尤其是双重偶然性。社会信息系统考的不多，但是特点还是有出过简答题的。不能简单无视。尤其是双重偶然性。双重偶然性是高频题目，尤其是以《教程》为基础参考书的学校，考察非常频繁。这个必须认真记忆背诵。5.精神交往论。精神交往论本身不容易出题，但是一出题往往是必杀，因为太多人对这个概念缺乏理解，就直接放弃了。其实精神交往论本身的内涵对我们答题来说是非常有用的。越是往后学习，越是会发现，传播问题的本质不是和传播现象自身有关，而是和传播现象背后的物质基础、社会背景有关。在互联网虚拟经济时代，这个问题变得更加明显。表面上看，互联网内容缺乏实体，属于精神生产和精神交往，但是实际上看，它却往往比现实更加深刻的印证着精神交往论。例如近年来ChatGPT的火热，表面上看人工智能并非“人类的精神生产”，但实际上，ChatGPT不仅是人的创新性劳动的结晶，而且背后依靠的算力、显卡芯片、数据无一不与现实社会中的生产力发展水平有密切联系。这证明了“物质生产力的发展水平对精神生产和精神交往起着重要的制约作用”。而同时，各国的人工智能技术争夺，包括对未来虚拟空间的控制权，往往也必须以各国现有的经济、技术实力为基本，这也体现“精神生产和精神交往关系反映着物质生产和物质交往关系”。《精神交往论》这本书也是推荐二战同学去看的，有很多会让你耳目一新的地方。6.传播学本土化与中国传播学的发展历程。与精神交往论类似，一出这道题就意味着许多同学的考研已经结束了。以为这部分知识如果不提醒基本没人看。实际上，随着近年来传播学本土话语和学科建设的要求，这道题必然是出题概率越来越高的。不过《教程》对这个内容讲的不够完整清晰，建议大家多看其他论文来加以不足。 ,新传考研超话,,,,https://weibo.com/1927461257/MALBQErSw,19,2,46,黄V认证,neutral,0.24962003529071808,0.5547639727592468,0.19561602175235748
4886738147740380,2023-04-04 09:43,面试黄斯傅,https://weibo.com/7820959744?refer_flag=1001030103_,chatGPT回答的面试题来了，请问各位看官有何感想？#遴选面试##面试答题技巧# 2北京·粉笔蓝天科技有限公司 ​,HUAWEI P30 Pro,http://t.cn/A6GKvX6W,北京·粉笔蓝天科技有限公司,https://wx4.sinaimg.cn/orj360/008xhWU0ly1hcnf5twr9fj30u01sck28.jpg https://wx1.sinaimg.cn/orj360/008xhWU0ly1hcnf5uc1g6j30u01scgww.jpg,https://weibo.com/7820959744/MAosewtCQ,0,0,0,没有认证,neutral,0.13816870748996735,0.6798401474952698,0.18199117481708527
4886502733516256,2023-04-03 18:08,dropsofjupiter158,https://weibo.com/7751565057?refer_flag=1001030103_,感觉我写的历史大答题可能不如chatGPT来写 ​,iPhone客户端,,,,https://weibo.com/7751565057/MAikxeKJO,0,0,2,没有认证,negative,0.5016931295394897,0.3861299753189087,0.11217689514160156
4885765023073773,2023-04-01 17:16,专利姐闯电商,https://weibo.com/7449167150?refer_flag=1001030103_,刚才拉着5年级的孩子分享最近的4点思考（唠叨）（幼儿园的弟弟在旁听）：1.适应环境，但不要被环境定义比如学校要求每天戴队徽，而你没有戴，老师可能会说你不遵守规则。你要明白的是：（1）你应该尽量遵守学校这种细节要求，尽可能每天都戴；（2）哪怕老师说你不遵守规则，你也不要真的认为自己就是一个不遵守规则的孩子。你应该想，我今天没有戴队徽，为什么会忘记，怎样才能避免忘记，忘记了还有办法补救，放一个备用的在书包能不能解决。总之，当你跟环境有冲突时，尽可能想办法解决这个问题，不要上纲上线到给自己贴标签。想办法解决问题，是适应环境。不给自己贴标签，是不让环境定义。2.做出题人，而不是答题人。达成自己心中的目标，而不是达到别人给你定的目标。所以，你要主动地思考自己的目标是什么，自己想要成为什么样的人，不要被动的让别人来给你设定目标。被动地满足别人的要求，很累，很难有成就感。主动地达成自己的目标，更快乐，更有成就感。创业老板，就是出题人；打工仔，一般是答题人。创业老板，自己给自己出个难题，然后解决他。打工仔，公司给他出个题，他按公司要求完成任务。前者主动，后者被动。3.AI正在改变世界。美国出来两个神奇的软件，chatgpt与midjourney。他们掌握的知识和技能，比任何一个人都要多。比如，chatgpt不到1分钟就帮我写了一篇文章介绍无效美国专利的三种方法，不到30秒就能看完“专利姐闯电商”账号内容，还能总结出来。midjourney能根据你的指令轻松设计出一幅图，质量比一般设计师要好得多。我对他们还不是太了解，但是可以预见他们一定会翻天覆地的改变人们的生活，比如，chat GPT一定会取代很多基础性的工作，比如客服；MJ也能取代很多设计师的工作。未来的工作，对人的要求更高了，一定要有独创性，对创新的要求非常高。4.怎样才能赚到钱？你们学校昨天举行义卖，在选择拿什么东西去卖的时候，你考虑的是自己喜欢，还是别人喜欢？别人喜欢。赚钱，就一定要满足别人的需求。（1）发现别人的需求孩子说，如果我发现别人墙上破了一个洞，我去把那个洞补上，就能赚到钱。（2）看看这个需求，是不是目前还没有很好的被满足，竞争者多不多？比如学校义卖，卖吃的东西肯定是最多的，那竞争就很激烈。你可以想想有没有其他的需求，比如套圈圈，这个游戏同学也很爱玩，但摆的人比较少。我为什么选择为跨境电商提供专利服务？其实很多企业都需要专利服务，我们选择跨境电商是因为，为跨境电商提供高质量专业的专利服务的事务所太少了，竞争对手少，相对做起来更容易些。孩子在前30秒是捂着耳朵听的，后面还跟我讨论起来，再后面，“妈妈你终于讲完了吧？手机给我玩15分钟吧”#创业思考# ,一加 9RT,,,,https://weibo.com/7449167150/MzZ8GcTCZ,1,4,5,黄V认证,neutral,0.2904369831085205,0.46038997173309326,0.24917303025722504
4885486973489987,2023-03-31 22:52,木晔飛舞,https://weibo.com/5020727327?refer_flag=1001030103_,#意大利宣布禁止使用ChatGPT#写作答题能力可谓惊人，然其双标本质也暴露无遗。科技无国界，但科技公司有国籍。为什么禁，想必大家都能理解。 ​,木晔飞舞Android,,,https://wx3.sinaimg.cn/thumb150/005tMsx1gy1hcjf9o6dnkj30sg0h5422.jpg https://wx1.sinaimg.cn/thumb150/005tMsx1gy1hcjf9nx878j30sg0emacp.jpg https://wx3.sinaimg.cn/thumb150/005tMsx1gy1hcjf9nnasnj30u00crdhy.jpg,https://weibo.com/5020727327/MzRUdeDU7,0,0,1,黄V认证,negative,0.5750020742416382,0.262662798166275,0.16233514249324799
4885458197154027,2023-03-31 20:57,高老板的哔哔机,https://weibo.com/7444876797?refer_flag=1001030103_,chatgpt比我会答题 ​,HUAWEI P30,,,,https://weibo.com/7444876797/MzR9Nu15x,0,0,0,没有认证,neutral,0.3312874734401703,0.4348098039627075,0.2339026927947998
4885423731511353,2023-03-31 18:40,NB自然美官方微博,https://weibo.com/2664502693?refer_flag=1001030103_,#自然美邀您赴一场春日健康之约# “健康Q美学 细胞新倍速”自然美2023保健新品PQQ藜菁醇™上市发布会即将起航重磅新品➡️PQQ藜菁醇果蔬汁饮、胶原蛋白三肽饮、NB-1御妍新品，开启自然美保健元年总裁亲临➡️东森国际总裁——王令麟先生将空降现场多重奢宠➡️爱马仕传奇橱窗设计师Mike Perry亲自操刀晶钻限量版礼盒；超级百万答题瓜分价值100万大奖，更有总裁特别礼及五天四晚巴厘岛游；打造沉浸式穿越隧道，并首度引入ChatGPT，体验AI与美业的智慧交互这个春天，让我们一起相聚湖南张家界感受人间仙境春天的无穷魅力感受自然美保健元年的健康领航4月13-17日，不见不散 ,微博网页版,,,https://wx4.sinaimg.cn/orj360/9ed115a5gy1hcj7sppt14j21xg11e7wj.jpg,https://weibo.com/2664502693/MzQgd6laF,1,0,2,蓝V认证,neutral,0.2000608593225479,0.4822458028793335,0.3176932632923126
4885405919349754,2023-03-31 17:30,新闻晨报,https://weibo.com/1314608344?refer_flag=1001030103_,【#初三编程大神只能选职高#，妈妈发愁：严重偏科的儿子出路在哪里？】一个是在编程专业论坛备受褒奖的“大神”，一个是学业上严重偏科的初三生。这两个看上去似乎风马牛不相及的身份，竟都是自己的儿子。这个渴望写最棒的程序改变世界，让生活变得更美好的编程少年，在当下的教育体系下，他该何去何从？季羽曾是受人艳羡的妈妈。小学六年，儿子小城是“别人家的孩子”，学业成绩不错，有着非常突出的天赋与爱好，拿过许多科技类的奖项。幼儿园中班时，小城就显露出与众不同。爸爸曾是信息老师，他早早就接触了电脑，对电脑和网络有着超乎寻常的兴趣和天赋。三年级开始，小城缠着爸妈买服务器，配置网络服务，编写网站。很快，针对青少年的编程课已经满足不了他，他开始在网上找各种资源自学。遇到不懂的，他就去查专业书籍，很多时候，是英文的原版书、文献。小城带着一种“初生牛犊不怕虎”的锐利，去学习最前沿的知识，去触碰编程的世界。他在专业的编程论坛里小有名气。他写的编程小教程显露出过硬的业务能力，被出版社编辑相中，邀请他出书写编程教程。小城对研究编程非常执着，甚至可以不吃不睡。而作为老母亲，季羽能做的就是不断给儿子“喂食”，督促他早点睡觉。“他拿过很多大大小小的奖。看到他反复尝试搞定bug后欢呼雀跃，我们也很为他高兴。在小学，就找到了心中所爱，并努力为之奋斗，是多么令人羡慕。兴趣真的是最好的老师！”在小城身上，季羽似乎见到了科学家的影子，“钻研与执着的品质，大概就是一种科学家精神吧。”2020年9月，小城初一。“学校不错，老师也很负责有经验。他的小学成绩还不错，语文偏弱一些，会偷懒，不肯背、写。”刚入学时，季羽对小城的学业有很多期待，“男孩子可能初中懂事了，会愿意读书了，成绩也会更好一些吧。”没想到，事与愿违，小城的学业越来越糟糕。理科还可以保持中上。英语因为编程要用到，大体不差。语文和社会就很“悲剧”，他不愿意记、背，阅读理解也是“灾难”。“他热爱代码组成的简单世界，非黑即白，逻辑清晰。对于一个直男来说，很难去体会到一些文学性作品背后的感情，尤其是散文，完全读不下去，也难以理解文章中的弦外之音。教他一些答题‘套路’，他非常反感，干脆空着。”季羽记得，那些天里，她和老师一次次地劝导，尝试了各种方法，都没有特别的起色。慢慢地，大家都累了，想着放弃了。从初一，挣扎到初二。季羽和丈夫渴望儿子发力、觉醒，接受现实，愿意为学业奋斗，但一次次失败了。有老师推荐小城去学信奥，这可能是一条适合他的升学通道。但他马上发现，大量刷题并不是他想要的。他只想做自己想要的，在他感兴趣的编程领域，去尝试，去挑战。“一方面，他很难说服自己去为了分数妥协，一方面，他觉得自己是有活路的。”在互联网上，小城有很多志同道合的朋友，有些是已经工作的程序员，也有热爱编程的大学生、中小学生，这些在技术论坛上的朋友，彼此欣赏。有时候，有程序员朋友会让小城帮忙写程序。“会有一些收入。他觉得靠自己的实力可以赚钱养活自己，掌握的知识是可以得到认可的，所以不为自己的未来焦虑。”但对季羽来说，很难不焦虑。“我和丈夫都是走的传统的升学路，从小城市一路苦读，到大学、研究生，我们清楚学历的重要性，也担心儿子的未来。一旦没有学历的加持，他的未来，会丧失很多选择权。”超长寒假，小城的寒假作业只做了一些，但是他没有一天闲着。他用自己的方式在学习，每天都在写代码，捣鼓他热爱的领域。“可能，在学业上遭受挫败，他自己在编程世界中找到了慰藉。编程才是他的主业，在那个世界中，他找到了成就感。”季羽观察儿子的学习方式。“他总是有各种天马行空的想法，然后挨个去琢磨。”上周末，小城拿了一段英文原版视频，编了一个程序，让ChatGPT来“听译”。“他让我看结果，非常神奇。我问，你这个做出来要干什么？给谁用？他说没想过，只要做成了就可以了，就很开心。但一个初三学生，马上要中考了，花了整整半天时间来捣鼓这个，老母亲的心理阴影有多大！”但季羽承认，儿子的这种学习方式，才是她内心最认可的。有目标，为自己的热爱倾尽全力，努力钻研，永远对未知保持好奇心与求知欲，不停探索，哪怕结果推翻了自己的假设，也觉得是一种收获。“很多孩子的学习，都一直是被告知要怎么做，失去了自己思考、探索、犯错的机会。而他，一直在用‘玩’的心态在学习他想要了解的东西。有时候我在想，这不就是我们追求的理想的学习状态吗？这样去学习，不更接近教育的本质吗？保持好奇心，让眼里一直有光。”但这样的学习方式，在当下的教育体系下，是不被认可的。最近，一家人为了小城的升学路，开了几次家庭会议。面对现实，以现在的成绩，小城去读职高的相关的专业，可能是最好的选择。“虽然对从传统的升学路一路苦读上来的父母来说，这是一个很难的决定。对于职高，的确也还有偏见。但可能到了职高，去喜欢的专业，他可以做自己，不用再为升学发愁。他可以参加一些编程专业性的比赛，可以有更多正向的肯定，可以过得更开心一点。”有时候，季羽幻想有一种理想的教育体系。“给孩子搭建一个合适的梯子，助力他一直朝着理想奋斗。但是在现在的教育体系下，这个梯子在哪里呢？”偏才的出路，可以是什么样的？（文内为化名）（潮新闻，图为上海临港举行的机甲大赛） ,微博网页版,,,https://wx3.sinaimg.cn/thumb150/001qXXGogy1hcj2hii54qj60v80pgazm02.jpg https://wx2.sinaimg.cn/thumb150/001qXXGogy1hcj2hkvu7mj61540nu1kx02.jpg,https://weibo.com/1314608344/MzPNtDeiu,9,20,33,蓝V认证,neutral,0.2399015873670578,0.461220383644104,0.29887813329696655
4885077135206196,2023-03-30 19:43,评论有话说,https://weibo.com/6518077012?refer_flag=1001030103_,大英赛阅读题提升技巧：#大英赛#ChatGPT以下是一些提高阅读速度和正确率的技巧:首先快速浏览题目和文章，找出关键词和主旨句，了解文章主题和题目要求。练习扫读和略读技巧，不必停留在每个单词或句子上，而是抓住文章的大意和关键信息。使用推断和判断技巧，通过理解文章的上下文和内在逻辑进行推理和预测。提高词汇量和阅读理解能力，多阅读不同类型和难度的文章，培养自己的思维和阅读能力。练习判断文章的结构和组织方式，将文章分段和分类，了解文章的结构和模式，更好地理解文章内容。在答题过程中注意审题和选项，遵循题目要求和选项要求，不要被干扰选项所迷惑。在答题时考虑时间和分数，根据题目的数量和难度安排阅读和答题的时间，提高效率和正确率。 ,OPPO K9x 5G,,,,https://weibo.com/6518077012/MzHfblQmU,0,0,0,没有认证,neutral,0.23835192620754242,0.5178554654121399,0.2437926083803177
4885046123823690,2023-03-30 17:40,盘和林经济观察,https://weibo.com/1980481147?refer_flag=1001030103_,AIGC颠覆开始，教育首当其冲前不久，浙江在2023浙江数字教育大会上提出：人工智能将成为中小学基础性课程和必修课程，中小学科学、数学等学科，都将大篇幅融入人工智能教学内容。对AI课进中小学，我喜忧参半。喜的是教育界关注到了ChatGPT，关注到了ChatGPT可能对教育带来的冲击和影响，想要以AI启蒙的方式，让下一代提前适应科技的变化。忧的是，AI课最终的结果可能是新瓶装旧酒，我们依然用应试教育的内核去讲一个应用科技，最终徒增学生课业负担，却没有任何效果。就好像当年的足球进校园，不是在绿茵场上驰骋，不是比赛，而是“足球体操”（配图）。最近教育领域也是热点话题，比如曹德旺说“国内读大学比国外轻松，我们混四年就毕业了”，再比如继“小镇做题家”后，大学生喜提“孔乙己”称谓。虽然种种话题皆有争议，但核心问题其实都在教育。当前教育重形式不重实质，重应试不重应用。所以，对于AI课，我最担忧的其实是华而不实，而对于教育，教育要适应社会、科技发展变化，而不是继续奉行一成不变的陋习陋规。就比如AI课，机器学习时间上可以分解为两个部分，一个部分是数学建模，实际上人工智能算法很多都是基础数学演变过来的，这是算法原理部分，另一个部分是编程，当前课外很多培训班12岁以上就可以学习Python，而Python即便不能用于AI，也能用于提高工作、学习效率。所以AI课要从这两个方向去设定，而最终的作业，应该是上机实践，而不是纸质答题。实际上用纸张来回答信息时代的题，这本身就很突兀。当然普通学生在中小学学习这些，只是为了提高效率，用ChatGPT也是为了提高效率。但如果有人才，则可以学习奥数竞赛的模式，让拔尖的程序天才发光。以上，实践教学就行了吗？有了AI课，就不只有AI课。因为学生学会了用新工具，那么语数英、理化、史哲等课程，是不是都要调整。ChatGPT出来之后，美国超过80%的学生会用ChatGPT去做作业，未来写的论文，很可能基本素材就是AI给的。如果你继续靠死知识，难得住学生吗？你考镰刀割麦子的速度，可人家已经学会了收割机割麦子。所以，当AI课进入教学，整个教育体系要跟着转，要转向引导创造力的模式。基础知识当然还是需要的，但考试内容要更加开创性，增加主观题的比重，要学生提高能力，而不是提高记忆力。生成式AI会改变很多产业，但教育、学术首当其冲。老师中，是开放心态，有抵触情绪。但科技到来不以人的意志为转移，我们大多数人不能改变社会，只能适应社会。#AI##人工智能##ChatGPT##AI课##教育##ChatGPT应用领域##从壹出发##财经知识分享官# ,HUAWEI P40 Pro 5G,,,,https://weibo.com/1980481147/MzGrag2Iq,0,2,4,黄V认证,neutral,0.23035210371017456,0.4919884204864502,0.27765950560569763
4885003039413008,2023-03-30 14:49,YT_Baka_Akari,https://weibo.com/5361597303?refer_flag=1001030103_,"选知识区答题, ChatGPT大成功, 乐 ​",微博网页版,,,https://wx4.sinaimg.cn/thumb150/005QQInRgy1hchvxs4qp5g3034034gwd.jpg https://wx1.sinaimg.cn/orj360/005QQInRgy1hchvxq5owqj30m21hcwik.jpg,https://weibo.com/5361597303/MzFjFDuKI,0,0,15,没有认证,positive,0.05106170475482941,0.1673867553472519,0.7815514802932739
4884995716418864,2023-03-30 14:20,网易智能,https://weibo.com/6086578527?refer_flag=1001030103_,【周鸿祎演示 360 版 GPT：答题老翻车，“就像个孩子”】#周鸿祎演示 360 版 GPT：答题老翻车，“就像个孩子”#IT之家 3 月 30 日消息，在 360 主办的 2023 数字安全与发展高峰论坛上，360 集团创始人周鸿祎发布了关于大语言模型的中国版 ChatGPT 产品。O周鸿祎演示 360 版 GPT：答题老翻车，“就像个孩子” ​,微博网页版,,,https://wx2.sinaimg.cn/orj360/006DUF7ply1hchttnxlb0j30fa072abv.jpg,https://weibo.com/6086578527/MzF7RqVQ4,0,0,0,蓝V认证,neutral,0.12215334177017212,0.6071699857711792,0.2706766724586487
4884897494467002,2023-03-30 07:49,至简财经,https://weibo.com/3755885581?refer_flag=1001030103_,【#周鸿祎演示360版GPT答题翻车# 就像个孩子】3 月 30 日消息，在 360 主办的 2023 数字安全与发展高峰论坛上，360 集团创始人周鸿祎发布了关于大语言模型的中国版 ChatGPT 产品。从演示效果来看，360 版 GPT 已经具备了一定的推理能力，但在回答具体问题时多次“翻车”，不少问题需要多次回答才能给出准确答复。（IT之家）#周鸿祎演示360版GPT答题老翻车# ,iPhone 11,,,https://wx1.sinaimg.cn/orj360/dfde440dly1hchjsjeqrmj20fa072q3e.jpg,https://weibo.com/3755885581/MzCzriK4q,0,0,1,蓝V认证,neutral,0.18592572212219238,0.5347619652748108,0.27931228280067444
4884598104261415,2023-03-29 12:00,导氮申论,https://weibo.com/5901272744?refer_flag=1001030103_,面试答题千万不要学chatgpt说一堆正确的废话-这道题目你怎么答？你们单位要对乡村物流情况进行调研，C村物流发展很好，D村整体落后，你怎么调研，调研哪些信息？公务员面试示范答题，一起学起来！ L导氮申论的微博视频 ​,微博视频号,,,,https://weibo.com/5901272744/MzuMyhSAv,0,0,0,蓝V认证,negative,0.5548872947692871,0.3211545944213867,0.12395808845758438
4884391119553918,2023-03-28 22:17,中科大胡不归,https://weibo.com/3710258141?refer_flag=1001030103_,前段时间，我看到钱颖一老师有个说法叫人工智能将使中国教育优势荡然无存”，因为中国的教育体系看重传授知识，不看重兴趣和创造力的培养，而人工智能对知识掌握要比人强很多。我也认同这个说法，刷题的模式只能让大部分学生记住知识和套路，学不到思考问题的方法。OChatGPT对人类社会最为根本的改变，将发生在教育领域ChatGPT对人类社会最为根本的改变，将发生在教育领域原创 张天祁 知识分子 2023-03-27 08:00 发表于北京 ……3月14日，GPT-4发布，美国奥数队总教练（领队）、卡耐基梅隆大学数学系教授罗博深（Po-Shen Loh）兴奋地测试了一个晚上，他说：这个AI的“计算水平就像小学学生，因为常常会搞错，但是逻辑水平已经是能做奥数的初中学生水平了。”这位数学家和资深数学教师认为：这个几乎是用“刷题”的方式喂大的人工智能的到来，意味着人类的刷题时代即将成为历史。作为教育者，老师们要想不被被淘汰，必须学会改变教育的方式，培养孩子动脑、解决问题的能力。下面是罗博深对《知识分子》讲述的，作为一个资深数学教师，他如何看待ChatGPT及GPT-4，以及这一切即将带来的教育领域的变革。口述|罗博深记录|张天祁●                  　●                   　●它不像是一台机器，而是一个很聪明的学生ChatGPT出现以来，我一直对它很感兴趣。我时不时会问它一些数学题目，因为我想知道它到底是什么水平。上周GPT-4发布之后我很兴奋，一整个晚上我都在和它对话，结果让我非常震惊。我这辈子从来没想到，一个人工智能居然能够做到这种程度。在GPT-4出现之前，ChatGPT在数学上的表现并不算好。我过去的想法是，ChatGPT会比较适合艺术、文化那些没有特定标准的学科，但对于STEM这种对就是对，错就是错的学科，影响不会特别大。现在我已经改变了我的想法，因为GPT-4能做到很多ChatGPT以前做不到的事情。这次我问GPT-4的是一个简单的问题，把899因数分解成两个质数，它很快给出了29和31这组正确答案。接下来我问它，它是如何得出这两个数字的，请给出更详细的解释。它告诉我是从最小的2开始尝试，发现2不能整除之后继续尝试下一个质数，直到29。这组对话就像我和真人对话一样，GPT-4的思路讲解非常清晰，而且完全回答了我的提问。其实做到这样的程度，它已经很不错了。老师给孩子讲题，也会采用这样的解释方法。但更让我惊喜的是，当我提示它899=900-1后，它立刻得出了新的思路。为什么我选899这个数？是因为我知道这个问题可以通过平方差公式解决。GPT-4看出了这种方法，告诉我900-1可以分解为（30+1）（30-1）。我只是给出了899=900-1这个很小的提示，GPT-4就能立刻就跳到平方差，给我的感觉不像是一台机器，而是一个很聪明的学生。如果现在给GPT-4的数学水平做一个评估。我会说它计算水平就像小学学生，因为常常会搞错，但是逻辑水平已经是能做奥数初中学生。甚至它比一个初中学生反应还更灵敏一点。我教初中生奥数课的时候，也会用这种题目。而且如果我给出这样的提示，很多孩子也发现不了平方差这项规律。假如班里有30多个学生，可能只有几个人举手，说自己发现了这种关联。虽然GPT-4现在还是会算错，比如把二的二次方减二的一次方算成一。不过算错不是逻辑错，它的计算常常会搞错，但它的逻辑都是通的。我也是大学教授，如果我的学生在考试里算错了，但是逻辑正确，我就会给他大部分的分。所以我们可能只需要等上几个月，等待OpenAI优化一下模型的计算部分，这个问题就能够解决，重要的是它能找到正确的逻辑。我现在对GPT-4的感受是，它好像能从题目中看出模式，看出两种东西的联系。这样的GPT-4不只是能够做人能做的东西，它可能已经能够做很多人不能做的东西了。这样的表现给了我很大的危机感。看到ChatGPT的发展势头，我觉得10年或者20年以后，现在很多的工作都会被人工智能淘汰掉。这是一个非常大的问题。ChatGPT并不是慈善机构投资的，投资它的是大公司。它能吸引到投资，就是因为有人希望人工智能将来可以淘汰掉人工，这样可以给各类公司节省成本。我想将来会一直有钱投到这个领域，淘汰这些比较不需要动脑的工作。未来要想不被人工智能淘汰，我想我们需要做很大的改变才行。对我来说，我最关心就是那些关于教育的事情，我们需要找到更好的办法来教育孩子。中国式刷题在未来教育中将无优势可言如果你知道ChatGPT的算法运作逻辑是怎么样的，你会明白我为什么这么说。ChatGPT是一个语言模型，它做的事情就是先收集很多语料和数据，如果你开始和它对话，它就会开始计算，根据数据库里已有的对话，回答什么词或者句子是概率最高的，也就是从人的角度看起来最自然的。这不是创新，而是刷题，GPT-4就是现在世界上最会刷题的东西。因为它的做法就是和刷题一样，先吸收所有的例子，所有过去的考卷，所有过去的解法，再找出最合适的答案。刷题也是这样的逻辑。有很多学生，他们准备考试的方法就是把所有的题型都练足够多次，希望考试的时候每一道题，都是他见过，并且练过很多次的题型，这样就能用最自然的方法把它做好。在这种模式下，孩子只会像一个机器人，而不像一个有智力的人。靠刷题取得成绩，只需要看过足够多的题型，有很强的记忆力。但他没有获得真的知识，不是在动脑，也不会带来新东西。我再举一个例子。我是在80年代出生的，那时候我们都需要记住很多电话号码，我需要知道我家里的电话号码，朋友的电话号码，学校的电话号码，爸爸公司的电话号码。别的人也是一样，每个人的头脑里都有很多电话号码。现在的人还记电话号码吗？不记了。因为我们有机器来帮我们记无数个电话号码。同样，10年以前人需要用刷题的方式学习，因为没有类似ChatGPT的产品出现。但是现在有了这个产品，其实不应该再浪费的时间刷题了。相比ChatGPT，人的优势是什么？我觉得人的优势在于，我们能够创新。面对新的情况，人不只是依靠以前方法和模型，而是能够想出新的思路。这种能力和思维的锻炼是分不开的。所以，重要的是教孩子思考问题的方法。我一直在世界各地讲学，接触了全世界各地的学生。我觉得中国的学生大部分是非常好的，会做很多数学题目。不过大部分中国中学生学习只是为了准备考试，而考试都是有套路的。只注重学习数学的解题套路的学生，在答题的时候也只是照搬过去的方法，解答那些似曾相识的题目。前段时间，我看到钱颖一老师有个说法叫人工智能将使中国教育优势荡然无存”，因为中国的教育体系看重传授知识，不看重兴趣和创造力的培养，而人工智能对知识掌握要比人强很多。我也认同这个说法，刷题的模式只能让大部分学生记住知识和套路，学不到思考问题的方法。另外，太看重考试会压抑孩子对学习的兴趣。我在亚洲的学校讲学，会碰到提问环节没有一个学生举手的情况，而且往往是年级越高的学生越是这样。这在美国是很少发生的，即使美国学生的数学基础和计算能力都普遍比亚洲学生差了一截，他们都是很愿意提问的。每次有学生告诉我，过去他学习数学是快乐的，但现在逐渐感受不到这种快乐了，我都觉得很遗憾可惜他们没有给予好好欣赏数学之美的机会。考试当然很重要，但考试不是学习的全部。要想培养孩子想问题的能力，需要让他们感受到做数学的快乐，这样他们才有解决问题的动力，有成就感，感觉到自己独立解决了一个新的问题，这样才会有兴趣。在美国因为中学和大学没有统一的入学考试，教育就更重视锻炼学生的思维能力。其实美国普通的教育也有同样的问题，孩子很难学到思维的能力。因为如果真的要教孩子怎么想，你必须要在课堂内外给他们足够的时间，这不是一件容易的事。现在很多孩子不习惯在课堂里面主动想问题、想办法。我也看到过一些培训机构，它们自称自己在教思维能力，但课程内容是老师先去解释几个独特的思维方法，然后让孩子来模仿那些方法，这仍然不是教思维。美国教育界如何应对ChatGPT？自从ChatGPT引发轰动以来，整个美国教育界深刻地意识到它会改变整个教育体系，大家开始动起来了。上个月有一位商学院的教授来找我谈话，我们在咖啡馆聊天。就看到旁边一桌有一个学生，一直把自己的功课贴进ChatGPT，然后把ChatGPT的答案拿过来。他不是在学那门课，只是想求个及格。ChatGPT在美国的学校里就是这么常见。我还看到过一篇文章，是达特茅斯学院一位老师写的。他教的是计算机课程，根据他的估计，他课上30%的学生都在用ChatGPT来完成功课。美国教育界对ChatGPT的争论很多，尤其是关于如何管理ChatGPT。有人很积极拥抱ChatGPT，认为这会改变课堂，给一些没有教育资源的人机会。有的人认为这会导致作弊，应该限制甚至禁止它在学术圈和课堂里的使用。前几天我在纽约对初中生演讲，本来我会和他们讲到讲到ChatGPT，然后做个展示。但我发现纽约已经禁用了ChatGPT。在这次演讲里，我问参加讲座的学生们“你们听过ChatGPT吗？”有一个女生举手，她说她听说过，而且非常厌恶AI。我问她为什么？她说，因为现在因为有ChatGPT，我们写文章需要用笔来写。以前我们可以打字，但是现在老师规定我们要用纸笔做作业。这就是美国教育界现在应对ChatGPT的一个办法，写论文、考试的时候只用笔跟纸。也有些机构对ChatGPT比较积极，美国有一个叫做可汗学院的机构前两天给很多人发了邮件，他们已经和OpenAI合作，推出基于了GPT-4的Khanmigo，一个人工智能辅助学习的工具。 按照他们的设想，Khanmigo会成为人工智能助教，帮助老师们制定课程计划、批改作业，并且通过对话的方式为孩子提供一对一的辅导。现在这个项目还只是对少部分用户开放，但计划在未来几周内让数千人加入，推广到与全国 500 个与可汗学院合作的学区开放。我的看法是，ChatGPT带来的变化其实是不能避免的，所以也不需要去禁止它。需要的是改变规则，建立一个比较健康的架构。现在我在卡内基·梅隆大学开设的几门课，功课占总分的比例只有10%。我会提醒大家，你们应该跟别的同学一起合作完成功课，功课是给你练习的。老师批改功课也不是为了给分，而是对你的学习进度进行反馈。决定成绩的，90%是最后的考试。大学里的其他课程可能也在改变，期末考试或者面试占分值的比重会增加。而且我想在未来，无论是工作还是上学，面试都会变得更重要。如果一个学生平常一直通过ChatGPT偷懒，没有学会新的东西，也没有锻炼表达的能力，他的问题会暴露的很明显。以后大学申请也会调整，书面材料可能会变得不那么重要，因为这些东西ChatGPT都能写。推荐信和面试会变得更重要。我们应该如何应对？在新的时代，人如果想要和机器竞争，保住自己的工作。就必须提高人特有的思维能力，想出新办法的能力。我们不能只是让 AI一直变得更强，也必须想办法大幅度提高人的智力、创造力和想象力。可以从数学角度来看这个问题。ChatGPT它的目标是什么？是面对提问，每次给出最大概率出现、最自然的解，所以它的运作思路，和人想出新办法的能力是完全相反的。人在这方面的能力，ChatGPT没法替代。培养人的思维能力，让人想出那些创新的，奇奇怪怪的新方法，其实也是非常难的。开始解决问题的时候，我们可以从很多不同的方向入手。走出第一步之后，如果面对的是一个难题，那第二步的选择同样会很多。不同的选择会像一棵树一样，枝叶的数量呈指数增长。即使是算力强大的电脑，也不能尝试每一条路径，比较所有结果的优劣。人的价值在于，如果你几十年都在研究一个领域，那么就会积累足够的经验。这会让人形成一种直觉，虽然有很多路径，但专业的人能看出哪些是走不通的，哪些是比较好的。思维的锻炼可以帮助我们更好的利用这种直觉，知道面对一个新出现的问题，做哪种选择才最可能解决它。我认为我们还要等很久，才能看到人工智能接受和运用这种思维方式。即使想把这种能力教给人工智能，难度同样很大。所以即使现在的人工智能再发展，这些思维能力强的人还是不会被替代。未来的孩子，需要的是能够想出新办法的能力，不可以只是做以前别人做的东西。我们不能像ChatGPT一样，只是说出最普通、最自然的的句子，应该想到那些没有人想到过的句子才对。改变教育的方式，我觉得是越早越好。现在我有一些教小学和初中生锻炼思维的项目，选择他们，是因为他们的想法还没有被定型，还很有探索和学习的欲望。 ,微博网页版,,,,https://weibo.com/3710258141/MzpoHE5ps,227,83,297,黄V认证,neutral,0.2527162432670593,0.5101329684257507,0.23715072870254517
4884372840780809,2023-03-28 21:04,吴晓洲,https://weibo.com/1701373930?refer_flag=1001030103_,教育的目的，不应该是把孩子培养成“人上人”；教育的结果，也不应是培育出一批又一批的“小镇答题家”。我们的教育，无论是基础教育还是高校教育，如果不做出改变，那真就离“毕业即失业”不远了。如果刷题能改变世界、改变命运，那某水、某厂中学，早就成了全球顶尖人才的摇篮了。创造力，才是人类社会进步的源动力！【ChatGPT对人类社会最为根本的改变，将发生在教育领域】（来自财新客户端） ,iPhone客户端,,,https://wx4.sinaimg.cn/orj360/6568e7ealy1hcfvjx8cvej20u00k00w2.jpg,https://weibo.com/1701373930/MzoVe3h7H,0,0,1,黄V认证,neutral,0.33610454201698303,0.45682400465011597,0.2070714384317398
4884238979828441,2023-03-28 12:13,导氮陈道,https://weibo.com/2758529182?refer_flag=1001030103_,面试答题千万不要学chatgpt说一堆正确的废话-这道题目你怎么答？你们单位要对乡村物流情况进行调研，C村物流发展很好，D村整体落后，你怎么调研，调研哪些信息？公务员面试示范答题，一起学起来！ L导氮陈道的微博视频 ​,微博视频号,,,,https://weibo.com/2758529182/MzlrjFePf,0,0,1,黄V认证,negative,0.5538562536239624,0.3204483091831207,0.1256953626871109
4884234688795615,2023-03-28 11:55,泊霖小生,https://weibo.com/7816788031?refer_flag=1001030103_,【ChatGPT得到五次提示都答错的北大数学题，被一个初中生解出来了】 近日，北京大学数学科学学院研究员、第49届、第50届国际数学奥林匹克竞赛满分金牌得主韦东奕出了一道数学题。韦东奕挑选了其中三份“较好的解答举例”均可以作为标准答案，其中有一份来自广东深圳的初二学生王羿骁。值得一提的是，北京国际数学研究中心的老师们用ChatGPT进行了答题，报告显示，“答案第二行就有错误，提示了5次也没能做对”。（央视）这才是人才啊，韦神牛逼！ ,微博网页版,,,,https://weibo.com/7816788031/MzlkoAU8L,0,0,0,没有认证,neutral,0.2951963543891907,0.41296324133872986,0.2918403744697571
4884215000203793,2023-03-28 10:37,唱诗班的喵儿,https://weibo.com/2483562352?refer_flag=1001030103_,开卷在线考试。用chatgpt搜索答案，发现文字表述性的没问题，简单计算没问题，稍微转个弯有个小陷阱的不行，数字一多就蒙圈想起当年经常搞党的各种学习，在线答题，还得苦苦搜索，如果扔给chatgpt，三秒钟完成啊 ​,iPhone,,,,https://weibo.com/2483562352/MzkOE0R0Z,0,0,3,没有认证,negative,0.42171886563301086,0.3436785638332367,0.23460257053375244
4884165469670357,2023-03-28 07:20,说投资,https://weibo.com/7473666030?refer_flag=1001030103_,【ChatGPT得到五次提示都答错的北大数学题，被一个初中生解出来了】近日，北京大学数学科学学院研究员、第49届、第50届国际数学奥林匹克竞赛满分金牌得主韦东奕出了一道数学题。韦东奕挑选了其中三份“较好的解答举例”均可以作为标准答案，其中有一份来自广东深圳的初二学生王羿骁。值得一提的是，北京国际数学研究中心的老师们用ChatGPT进行了答题，报告显示，“答案第二行就有错误，提示了5次也没能做对”。（央视） ,微博网页版,,,,https://weibo.com/7473666030/MzjwKEzHv,1,0,5,没有认证,neutral,0.2532634437084198,0.492578387260437,0.2541581988334656
4884161619822236,2023-03-28 07:05,快兰斯24小时财经直播,https://weibo.com/5051077448?refer_flag=1001030103_,实时播报：【ChatGPT得到五次提示都答错的北大数学题，被一个初中生解出来了】近日，北京大学数学科学学院研究员、第49届、第50届国际数学奥林匹克竞赛满分金牌得主韦东奕出了一道数学题。韦东奕挑选了其中三份“较好的解答举例”均可以作为标准答案，其中有一份来自广东深圳的初二学生王羿骁。值得一提的是，北京国际数学研究中心的老师们用ChatGPT进行了答题，报告显示，“答案第二行就有错误，提示了5次也没能做对”。（央视） ,微博手机版,,,,https://weibo.com/5051077448/MzjqxFdda,5,5,21,红V认证,neutral,0.27932557463645935,0.49021872878074646,0.23045580089092255
4884161455719153,2023-03-28 07:04,云财经,https://weibo.com/1680685707?refer_flag=1001030103_,实时快报：【#ChatGPT得到五次提示都答错的北大数学题，被一个初中生解出来了#】云财经讯，近日，北京大学数学科学学院研究员、第49届、第50届国际数学奥林匹克竞赛满分金牌得主韦东奕出了一道数学题。韦东奕挑选了其中三份“较好的解答举例”均可以作为标准答案，其中有一份来自广东深圳的初二学生王羿骁。值得一提的是，北京国际数学研究中心的老师们用ChatGPT进行了答题，报告显示，“答案第二行就有错误，提示了5次也没能做对”。（央视） ,微博网页版,,,,https://weibo.com/1680685707/MzjqhnZOp,0,1,0,蓝V认证,neutral,0.30728858709335327,0.46632927656173706,0.22638216614723206
4884051972326754,2023-03-27 23:49,Violence這,https://weibo.com/5143725345?refer_flag=1001030103_,随机在法国历届高考作文题中选了几道问了ChatGPT，最后两个问题是我夹带私货。惊讶于AI 回答的速度，出题到答题最多也就10秒。答案仅供参考孩子还挺诚实可爱的 （编辑一下：突然想到一个问题又去问了它，结果啊啊啊啊啊啊啊 ​,细嗅rose的iPhone 13(Starlight),,,https://wx4.sinaimg.cn/orj360/005C6xW1gy1hceunektnsj30wi1yc7td.jpg https://wx4.sinaimg.cn/orj360/005C6xW1gy1hceumbvbg0j30wi1ycu0j.jpg https://wx2.sinaimg.cn/orj360/005C6xW1gy1hceunyprtoj30wi1ycx45.jpg https://wx3.sinaimg.cn/orj360/005C6xW1gy1hceuqcg2n6j30wi1yce6h.jpg https://wx1.sinaimg.cn/orj360/005C6xW1gy1hceuqbrx5mj30wi1yce50.jpg https://wx2.sinaimg.cn/orj360/005C6xW1gy1hceuqebp3lj30wi1yc1hx.jpg https://wx3.sinaimg.cn/orj360/005C6xW1gy1hceuzqlzdoj30wi0pagqy.jpg,https://weibo.com/5143725345/MzgzH9Lii,0,1,1,没有认证,positive,0.22536365687847137,0.29592373967170715,0.4787125885486603
4883851912939131,2023-03-27 10:34,武汉教育,https://weibo.com/2910877252?refer_flag=1001030103_,【新高考峰会在汉举行 与会专家达成共识：提升思维品质才能应对新高考】如果ChatGPT参加新高考会怎么样？3月25日，在华中科技大学附属中学参加第4届新课程新学考新高考峰会的各地高中教师见证了这台AI的答题风范：对答如流、又快又好。无论是英语填词和作文还是去年引发广泛讨论的语文作文《本手妙手俗手》，ChatGPT答起来都没有丝毫犹豫，关键是“卷子”还写得相当好。详戳OWe're sorry but 极目新闻 doesn't work properly without JavaScript enabled. Please enable it to continue.（via.极目新闻） ,iPhone 13 Pro Max,,,https://wx3.sinaimg.cn/orj360/ad807644gy1hce7r87o82j20xc0hmtca.jpg,https://weibo.com/2910877252/Mzbn1ckBl,0,0,0,蓝V认证,positive,0.24652719497680664,0.3425616919994354,0.41091105341911316
4883613826681793,2023-03-26 18:48,木浦星星俱乐部,https://weibo.com/5123693246?refer_flag=1001030103_,借鉴chatgpt的回答了狠狠提供答题思路 (bushi. ​,J iPhone,,,https://wx2.sinaimg.cn/orj360/005AKuFEgy1hcdgdvi9aoj31r03404qq.jpg,https://weibo.com/5123693246/Mz5b0s2eR,0,6,1,没有认证,neutral,0.2209218442440033,0.5144718885421753,0.2646062672138214
4883230257846606,2023-03-25 17:24,Lucky学姐考研教育学,https://weibo.com/6005936072?refer_flag=1001030103_,#春日升学特训营##决战考研##教育学考研# 教育学考研复试经验直接背❗第5期​🧐 教育学考研复试的常考题目汇总来啦❗注意总结自己的答题套路👀 其实很多题目都有共通之处💪 复试加油，上岸前最后一次冲刺🏃🌟【本期题目】1⃣ 你如何理解元宇宙教育？2⃣ 你如何看待ChatGPT？3⃣ 你认为人工智能可以取代教师吗？4⃣ 你如何理解未来教育？记得关注Lucky学姐💕📝更多教育学考研资讯 ,,,,https://wx1.sinaimg.cn/orj360/006ysikEly1hcc8ci9o87j31fy1xg1kz.jpg https://wx4.sinaimg.cn/orj360/006ysikEly1hcc8cldpn8j31fy1xg4qq.jpg https://wx4.sinaimg.cn/orj360/006ysikEly1hcc8co9oxfj31fy1xgqv6.jpg https://wx2.sinaimg.cn/orj360/006ysikEly1hcc8cqs8ppj31fy1xgqv6.jpg https://wx2.sinaimg.cn/orj360/006ysikEly1hcc8ct6dwkj31fy1xghdu.jpg https://wx1.sinaimg.cn/orj360/006ysikEly1hcc8cvxhh0j31fy1xgqv6.jpg https://wx3.sinaimg.cn/orj360/006ysikEly1hcc8czbeiqj31fy1xge82.jpg,https://weibo.com/6005936072/MyVclwVga,17,4,27,黄V认证,neutral,0.23886516690254211,0.536712646484375,0.22442223131656647
4883227984792388,2023-03-25 17:15,夏林财商,https://weibo.com/7340557600?refer_flag=1001030103_,第一代的GPT-1在2018年发布，首次采用了 Transformer 架构作为特征抽取器，解决了传统 RNN 结构的缺陷与效率问题。然而，当时的数据量只有1亿多，和现在动辄千亿比起来少得可怜，因此它的表现并不好，只在问题回答、语义相似度评估、语义确定、文本分类任务中简单应用。毕竟数据量越大，机器学习得以学习的基础越多，效果更精准、更智能的可能性就越高。GPT-2在下一年发布，底层架构没变，参数量有了大幅的提升。到了GPT-3，模型参数达到了1750亿个，它已经可以完成答题、写论文、文本摘要、语言翻译和生成计算机代码等真正意义的 AI 创作。为什么前面几版都悄无声息，到了ChatGPT突然大爆了呢？简单来说，就是能力发生了质变，一下子变得好“牛”。ChatGPT是在GPT-3衍生而出的GPT3.5上进行微调而诞生。ChatGPT 采用了 RHLF （Reinforcement Learning from Human Feedback，基于人类反馈的强化学习）算法，采用人工标注的方式将NLP（Natural Language Processing，自然语言处理）和RL（Reinforced Learning 强化学习）结合起来，极大地提升了模型效率和学习能力。此前的GPT-2和GPT-3为了大幅增加参数量，都采用无监督学习模式，也就是输入一堆数据，让模型自己去学，不进行人工干涉。而到了ChatGPT，为了让他更好用，引入了人工标注数据和强化学习，可以让大模型更理解信息的含义，并进行自我判断——也就是更贴近理想中的人工智能效果。也就是说，以前对的错的一起全吸收了，现在则有人告诉它对错，让他更懂。三六零 sh601360 ,,,,,https://weibo.com/7340557600/MyV8Gk6IA,0,0,3,黄V认证,neutral,0.21256281435489655,0.5726715326309204,0.21476563811302185
4882446586480503,2023-03-23 13:30,solitudessssss,https://weibo.com/5288405892?refer_flag=1001030103_,chatgpt 好牛 来构建思路框架答题模版 作文模版都好好用！ ​,iPhone,,,,https://weibo.com/5288405892/MyAOmrbSf,0,0,0,没有认证,positive,0.23831330239772797,0.2830229699611664,0.47866374254226685
4882384497675129,2023-03-23 09:23,芋圆学姐与MTI备考er的日常,https://weibo.com/2884675362?refer_flag=1001030103_,23级所有考研复试学生都必须准备的一个问题———如何看待chat GPT爆火？汉语答题思路：是什么➕在不同领域所做的贡献➕可能带来的风险➕对待其态度➕如何做答案：🍉ChatGPT是一个基于GPT技术的对话生成模型，可以用于人机对话和聊天机器人等应用场景。它的出现受到了广泛的关注和讨论，也在一定程度上引发了人们对于自然语言处理技术和人工智能技术发展的关注和思考。🍉从技术角度来看，ChatGPT的出现代表着自然语言处理技术的一定进步和突破，它能够通过学习和模仿人类的语言习惯和语言规律，生成具有一定连贯性和逻辑性的对话内容。这为人机对话和聊天机器人等应用场景提供了一种新的技术解决方案，也为自然语言处理技术的发展提供了新的思路和方向。🍉从应用角度来看，ChatGPT的出现也带来了一定的商业价值和社会效益。例如，它可以用于客服机器人、智能助手、智能对话系统等应用场景，为企业和用户提供更好的服务和体验。同时，它也可以用于教育、医疗、娱乐等领域，为人们提供更加智能化、便捷化的服务和体验。🍉然而，我们也需要认识到ChatGPT存在一定的局限性和风险。例如，它可能会因为缺乏人类的情感和道德判断能力，而在某些场景下产生不当的回答和行为，甚至引发一些不良后果。此外，ChatGPT的出现也可能对人类的语言和沟通能力产生一定的影响，甚至可能对人类的就业和生活方式产生一定的冲击。🍉因此，我们在看待ChatGPT的爆火时，需要既看到其技术和应用的优势和潜力，也需要关注其可能存在的问题和风险，以便更好地引导和促进自然语言处理技术和人工智能技术的发展。同时，我们也需要通过加强人机交互和人工智能的伦理和规范建设，来确保这些技术的正确使用和良性发展，为人们的生产生活创造更多的价值和福祉。🍉在ChatGPT爆火背景之下，我们应该怎么做：1⃣️加强对人工智能技术的监管和规范：人工智能技术是一项伟大的科技创新，但在应用中也存在一定的风险和挑战。因此，我们需要建立健全的监管和规范机制，以保障人工智能技术的合理应用和人类的基本权益。2⃣️推动人机协同发展：人工智能技术的发展需要与人类的生产生活相结合，才能最大化其价值和效益。因此，我们需要推动人机协同发展，加强人机交互和人工智能技术的融合，以便更好地发挥人工智能技术的优势和潜力。3⃣️加强人工智能教育和普及：人工智能技术的应用需要具备一定的技术和知识基础，因此我们需要加强人工智能教育和普及，提高广大人民群众的人工智能素养和技术水平。4⃣️引导人工智能技术的发展方向：人工智能技术的发展需要注重社会效益和人类价值，因此我们需要引导人工智能技术的发展方向，推动其在服务于人类和促进社会进步方面发挥更大的作用。总之，ChatGPT爆火提醒我们要充分认识和谨慎应对人工智能技术的发展，同时加强研究和探索，以更好地推动人工智能技术的发展和运用，为人类的生产生活创造更多的价值和福祉。 ,iPhone 12,,,,https://weibo.com/2884675362/MyzcdwcEp,753,97,1710,黄V认证,neutral,0.17865872383117676,0.6202263236045837,0.2011149674654007
4882059204761929,2023-03-22 11:51,教育学徐影,https://weibo.com/2532693681?refer_flag=1001030103_,#决战考研##春日升学特训营# 复试中有可能问到ChatGPT吗，怎么答？复试中什么问题都有可能会问到，我认为这个问题被问到的概率还是很高的，因为它相当于在谈人工智能到底能不能替代老师。我觉得虽然这个软件非常聪明，可以回答各种各样的问题，还回答得很精妙，但是它都是基于已有数据进行的组合与呈现，缺少创意，缺少人文，而且如果过度依赖这样的东西，会让人丧失创造性和人文关怀，大家可以看下我之前以答题形式发的一个微博：，你们  山海老师最近也发了不少相关的内容，大家也可以去看下：对于ChatGPT，我们在教育中要有引用又要有警惕，至于哪个地方引用，我现在没想好，但是在孩子锻炼自己思维的过程中，是不应该过多利用它的。如果复试中问到了ChatGPT，你会怎么答，欢迎大家在评论区讨论。 ,如影随学超话,,,,https://weibo.com/2532693681/MyqJyjYNj,60,13,184,红V认证,neutral,0.32501599192619324,0.4493745267391205,0.22560954093933105
4881775748454118,2023-03-21 17:05,导氮陈道,https://weibo.com/2758529182?refer_flag=1001030103_,面试答题千万不要学chatgpt说一堆正确的废话-ChatGPT啥都会？让我们来问一下在公务员面试中很紧张怎么办？看看他怎么回答。 L导氮陈道的微博视频 ​,微博视频号,,,,https://weibo.com/2758529182/MyjmmztiK,0,0,0,黄V认证,negative,0.5803726315498352,0.3158505856990814,0.10377675294876099
4881697616693304,2023-03-21 11:54,朋克热,https://weibo.com/5634668175?refer_flag=1001030103_,跟朋友提起来想用chatgpt写论文的想法，又在自己的答题里说到“AIGC是不可能取代人类的”，有点好笑，感觉自己在摧毁一座幻想中的巴别塔，因为确实我没有人工智能更加具有实用性 ​,iPhone客户端,,,,https://weibo.com/5634668175/Myhkls5ew,0,0,1,没有认证,positive,0.34532198309898376,0.30017346143722534,0.3545045554637909
4881651484855067,2023-03-21 08:51,hardbye,https://weibo.com/1982813462?refer_flag=1001030103_,"用2023年上海市嘉定区高三英语一模卷阅读理解部分中篇章内6选4填空题，来测试ChatGPT的答题能力。chatGPT3.5 turbo 答题准确率只有25%, 4中对1。还扭扭捏捏地说帮助回答试题有道德不诚实的风险。 但chatGPT4.0 答题，100%准确率，把结果选项的推理过程都写出来了，直截了当不含糊。chatGPT4.0人工智能大有长进。先不说AI淘汰哪个工种，努力掌握智能帮助工具，让危机延缓发生，在延缓期间找出出路。漠视和焦虑都是不必要的极端心理。 ",微博网页版,,,https://wx2.sinaimg.cn/orj360/762f5516gy1hc76qr533wj20ek0demym.jpg https://wx4.sinaimg.cn/orj360/762f5516gy1hc76qrjz8yj20e50dcq48.jpg https://wx4.sinaimg.cn/orj360/762f5516gy1hc76qrsntgj20fn0d2mya.jpg https://wx4.sinaimg.cn/orj360/762f5516gy1hc76qse2lqj20e80b6jsu.jpg https://wx3.sinaimg.cn/orj360/762f5516gy1hc76qspiv0j20ef0esjsr.jpg,https://weibo.com/1982813462/Myg7Wkn1x,1,0,2,没有认证,negative,0.56935054063797,0.3183024525642395,0.11234705150127411
4881452807750728,2023-03-20 19:41,最法国,https://weibo.com/7397930560?refer_flag=1001030103_,#ChatGPT#王炸gtp-4出，越来越智能，非常强大，很多做任务的水平已达到人类水平，各种考试更是不在话下，律师、医师、大学入学考试等等，都能行，gpt-4答题得分超过88%的人 ​,法国Android,,,,https://weibo.com/7397930560/MyaXuwwjK,0,2,1,黄V认证,positive,0.17956602573394775,0.3612889051437378,0.4591450095176697
4881062494999566,2023-03-19 17:50,女青同学,https://weibo.com/1985260993?refer_flag=1001030103_,码字女工和chatgpt决战1:  chatgpt容易写出文采斐然、语法正确、逻辑严密的文章，但和现实毫无关系。它的致命缺陷是不能将语言符号和指代的对象关联。就像一个完全不懂英文人，你也可以让他死记硬背答题套路，通过考试。    同理，脱离现实生活，排列组合爽文套路chatgpt是无敌的，但凡要求它联系现实，它就开始胡说八道。    联系实际是chatgpt死穴。 ,iPhone客户端,,,,https://weibo.com/1985260993/My0NXkYCa,0,0,0,没有认证,negative,0.526665985584259,0.3326735198497772,0.14066056907176971
4880705190890074,2023-03-18 18:10,GPT5,https://weibo.com/2954832612?refer_flag=1001030103_,GPT4就像是一个超级牛逼的大脑！它变得更聪明了，答题能力简直逆天；它还能看图识物。虽然还在测试阶段；我用ChatGPT会员，测试了下记忆力超强，能一口气处理2.5万字的内容；回答问题更准确了；而且更安全，不会乱说废话！ 群聊 ​,荣耀30S 5G 美由芯生,,,,https://weibo.com/2954832612/MxRvF3Jy2,0,0,0,没有认证,positive,0.13425159454345703,0.20489466190338135,0.6608536839485168
4880594490885217,2023-03-18 10:51,传播匠新传考研粥哥,https://weibo.com/6452838175?refer_flag=1001030103_,#🥣23公益复试# 📣公益复试12期口试题目来啰‼️你跟上没？✔ 题目：你觉得Chatgpt的大火会对新闻传播领域带来怎样的新影响✔ 打卡时间：3月18日~3月19日下午3点前✔ 打卡方式：将本题的答案以语音的方式在小打卡内上传，注意不要先写稿再念出来，尽量自然地“说”，而不是“背”。次日晚上7:30，粥哥会在cctalk和大家一起讨论该道题目、评论各位打卡情况并提供答题思路。在此期间，可以在群内讨论题目、交流复试信息，各位同学的打卡我们都会去查看，并在每次任务中随机挑选20位同学打分点评。加油哦！期待大家的优秀答案！❤新传考研#新传考研##24新传考研##考研复试# ,🥣的iPhone客户端,,,https://wx3.sinaimg.cn/orj360/0072HrZ5ly1hc3tn2r9acj30u01sx472.jpg https://wx3.sinaimg.cn/orj360/0072HrZ5ly1hc3tn24w6rj30u01sxdp3.jpg,https://weibo.com/6452838175/MxOD73IhH,0,0,0,没有认证,neutral,0.2384326457977295,0.4689832627773285,0.29258403182029724
4880333001195857,2023-03-17 17:32,艺术设计史与论,https://weibo.com/6303706919?refer_flag=1001030103_,考研史论 最近大火的Chat GPT到底是什么？艺术考研复试专业问答模板3⃣️🧩复试问答最怕空谈、知识点缺失的时候无话可答，这边为大家整理了答题模板，在知识点了解不详细或者缺失的时候，可以有一个大体框架，有条理地进行回应～今日例题⬇️▫️1.设计与创新的关系？（关系题）▫️2.Chat GPT对设计的影响？（概念题）❤️大家可以三连我，蹲一蹲下一期分享吧～有想要了解的题目可以思我，安排在后续的内容中！ChatGPT#考研复试##艺术设计考研##23考研##chatgpt##考研上岸# ,考研史论超话,,,https://wx2.sinaimg.cn/thumb150/006SBI8fly1hc2zm3lkcvj33gs4kdkjl.jpg https://wx4.sinaimg.cn/thumb150/006SBI8fly1hc2zm524asj33gs4kd7wj.jpg https://wx4.sinaimg.cn/thumb150/006SBI8fly1hc2zm1jt6cj33gs4kde82.jpg https://wx1.sinaimg.cn/thumb150/006SBI8fly1hc2zm2nzr1j33gs4kdqv5.jpg,https://weibo.com/6303706919/MxHPm5161,0,0,0,黄V认证,neutral,0.2765352129936218,0.5407783389091492,0.18268649280071259
4880332866717506,2023-03-17 17:31,艺术设计史与论,https://weibo.com/6303706919?refer_flag=1001030103_,设计史论 最近大火的Chat GPT到底是什么？艺术考研复试专业问答模板3⃣️🧩复试问答最怕空谈、知识点缺失的时候无话可答，这边为大家整理了答题模板，在知识点了解不详细或者缺失的时候，可以有一个大体框架，有条理地进行回应～今日例题⬇️▫️1.设计与创新的关系？（关系题）▫️2.Chat GPT对设计的影响？（概念题）❤️大家可以三连我，蹲一蹲下一期分享吧～有想要了解的题目可以思我，安排在后续的内容中！ChatGPT#考研复试##艺术设计考研##23考研##chatgpt##考研上岸# ,设计史论超话,,,https://wx1.sinaimg.cn/orj360/006SBI8fly1hc2zl97lfzj33gs4kdkjl.jpg https://wx4.sinaimg.cn/orj360/006SBI8fly1hc2zlapah0j33gs4kd7wj.jpg https://wx2.sinaimg.cn/orj360/006SBI8fly1hc2zl7gn04j33gs4kde82.jpg https://wx3.sinaimg.cn/orj360/006SBI8fly1hc2zlbpmt9j33gs4kdqv5.jpg,https://weibo.com/6303706919/MxHP8sbwS,0,0,0,黄V认证,neutral,0.2811472713947296,0.5379545092582703,0.18089811503887177
4880332380440738,2023-03-17 17:29,艺术设计史与论,https://weibo.com/6303706919?refer_flag=1001030103_,艺术史论 最近大火的Chat GPT到底是什么？艺术考研复试专业问答模板3⃣️🧩复试问答最怕空谈、知识点缺失的时候无话可答，这边为大家整理了答题模板，在知识点了解不详细或者缺失的时候，可以有一个大体框架，有条理地进行回应～今日例题⬇️▫️1.设计与创新的关系？（关系题）▫️2.Chat GPT对设计的影响？（概念题）❤️大家可以三连我，蹲一蹲下一期分享吧～有想要了解的题目可以思我，安排在后续的内容中！#chatgpt##艺术设计考研##考研复试##考研上岸##考研上岸#ChatGPT ,艺术史论超话,,,https://wx4.sinaimg.cn/orj360/006SBI8fly1hc2zjhbjnzj33gs4kdkjl.jpg https://wx3.sinaimg.cn/orj360/006SBI8fly1hc2zjirb5wj33gs4kd7wj.jpg https://wx3.sinaimg.cn/orj360/006SBI8fly1hc2zjjxdv8j33gs4kde82.jpg https://wx3.sinaimg.cn/orj360/006SBI8fly1hc2zjgcnnhj33gs4kdqv5.jpg,https://weibo.com/6303706919/MxHOm1QEG,0,0,1,黄V认证,neutral,0.28298506140708923,0.5390613675117493,0.1779535412788391
4880211562464114,2023-03-17 09:29,痛饮白与愁三大杯,https://weibo.com/5209410417?refer_flag=1001030103_,虽然到了周五整个人状态已经很疲了，但是我真的很喜欢周五早上的两节课。张老师的媒介素养和王老师的传播心理学，可能这两门课已经不再是我需要补的大一课程了，很多基础性的知识不再是以传输流动的状态被灌输进我的大脑，而更像是给予我一个平台，让我的想法能够流动出去。张老师每节课都会给我们拓展很多课堂以外的东西（导致她的ppt几乎都没什么用），也会给我们很多机会谈自己的想法。今天这节课她最让我touched的两段话。第一段是：今天给大家讲新闻生产和媒介组织，说起来我讲到新闻心里就会有一种莫名的触动，一种很深沉的情感，你们现在的时代由于媒介的变化已经不再被教导一些我们那时候的东西了，但是我们当时学新闻的时候真正把“铁肩担道义，妙手著文章”当作人生目标在奋斗。（虽然我真的对新闻很不感兴趣但是我有被这句话shoot到）第二段：我刚才让你们看完那个新闻案例，让你们谈谈自己的感受，感受不是正确答案，我理解为什么同学们站起来感觉，措辞很困难，说出来答案好像很惶恐害怕答错。但是感受就是感性的，它和标准答案不一样，不是需要经过思考的，是你看到这件事第一眼你内心直观的想法是什么，你可以直接说出来。你们从小到大都接受着一种答题式思维的培养和习惯的形成，好像希望一定要讨好一个老师，讨好一张试卷，讨好一道题，但其实生活的答案远远不止有一个，也没有所谓的正确和错误。我希望大家在我的课堂上可以抛弃所谓的right or wrong的观念，畅所欲言，有的时候我也能从你们中间学习。（结合早上聊到了chatgpt，我真的觉得文科是永远不能够被人工智能取代的，因为人工智能在执行命令的时候永远有正确或错误，但文科的华美与丰盈，其内容从一根枝干延展为繁茂的大树，底层搭建逻辑永远不是right or wrong）还有王洁老师的传播心理学（她的ppt也没什么用），虽然她上课的时候看起来永远困困的，但是她真的好厉害，我们说什么东西她都能旁征博引讲到一些别的东西上（永远记得上节课我讲短视频赋予女性身体的可见性的时候她还给我总结到了波伏娃的第二性😭真的哭了）我怎么这么幸福的😭每天都在学这么幸福的东西😭 ,iPhone 12,,,,https://weibo.com/5209410417/MxEFual1M,0,25,14,没有认证,neutral,0.25141599774360657,0.5058947801589966,0.24268920719623566
4880014396622402,2023-03-16 20:26,财联社APP,https://weibo.com/2868676035?refer_flag=1001030103_,【“文心一言”正式面世却未现场答题】“十月怀胎，一朝分娩”。3月16日下午，百度正式对外发布官宣已久的文心一言。百度创始人李彦宏亲自展示了文心一言的五大能力：“文学创作、商业文案创作、数理逻辑推算、中文理解、多模态生成”。 “文心一言对标ChatGPT、甚至是对标GPT-4，门槛是很高的。我自己测试感觉还是有很多不完美的地方。” O“文心一言”正式面世却未现场答题 ,微博 weibo.com,,,,https://weibo.com/2868676035/MxzxtrMMW,4,3,9,蓝V认证,neutral,0.4127572178840637,0.4185183644294739,0.16872437298297882
4879994117423760,2023-03-16 19:05,鼎盛风清,https://weibo.com/2204116410?refer_flag=1001030103_,目前百度官方发布的文心一言的演示结果，其中鸡兔同笼，故意把题目出错了，文心一言能准确的指出题目错了，数理计算这一点已经和ChatGPT-4.0(图1)同等水平，不像ChatGPT-3.5一本正经的错误答题。 ​,中兴Axon 40 Ultra,,,https://wx3.sinaimg.cn/thumb150/836025bagy1hc1woyh895j20rv0tyq5k.jpg https://wx3.sinaimg.cn/thumb150/836025bagy1hc1woyw9jij20ko1n9jy2.jpg https://wx4.sinaimg.cn/thumb150/836025bagy1hc1wozbagej20sh18p465.jpg https://wx1.sinaimg.cn/thumb150/836025bagy1hc1wozp1ozj20xd0u0gnp.jpg https://wx2.sinaimg.cn/thumb150/836025bagy1hc1wp02r9mj20vn0u00w5.jpg https://wx4.sinaimg.cn/thumb150/836025bagy1hc1wp0mc9pj20u01il44f.jpg,https://weibo.com/2204116410/Mxz0Lv9g4,12,24,128,黄V认证,negative,0.6674749255180359,0.26347699761390686,0.06904808431863785
4879963738341935,2023-03-16 17:04,优选字符AI翻译,https://weibo.com/7475886400?refer_flag=1001030103_,#ChatGPT#今年开年以来，网络上最火的话题莫过于ChatGPT。各路网友疯狂调戏这个人工智能机器人，发现TA聊天、答题、写作、制表、编程、翻译，简直无所不能。从事#专利# 翻译的笔者感受到了事业危机，怀着忐忑而好奇的心情，测试了ChatGPT的专利翻译能力。AI在专利翻译领域能否完全替代专利翻译人呢？欢迎各位点击以下链接进行阅读~ ,微博网页版,,,https://wx2.sinaimg.cn/orj360/0089W3yUly1hc1t2n6pmjj30p00anaft.jpg,https://weibo.com/7475886400/MxydLz07l,0,1,0,蓝V认证,positive,0.2613825500011444,0.33839672803878784,0.40022072196006775
4879958075773996,2023-03-16 16:42,ParentsTalk,https://weibo.com/7548923638?refer_flag=1001030103_,北京 北京中学小五班招生结束，来年早准备🎈昨天3月15日上午北京中学小五班通过机考，电脑答题的方式进行了复试，题型类似八中的#八少八素# 考试，考察孩子的智力、反应力、记忆力等方面能力，试题内容以游戏为主，比如九宫格。#小五班# ⏰考试时间：8:30-10:00（一个半小时）📖考试科目：语文、数学、英语💻考试形式：机考，每个班可参与人数不等，比较多的是一个班4个孩子参加，也有些班1个孩子都没有📚考试内容：1⃣️语文:8:30-9:00，主要写小作文① 联想改变人类，如果没有联想，人类会怎么样？为华为手机设计广告词，说出想法（100-150字）② 写一个主持词（80-100字）2⃣️数学：9:00-9:45，大概10道题，有#奥数# ，有几何图形题，没学过奥数的孩子可能会感觉有点难，内容涉及记忆力、对称等，还有一些立体空间和逻辑思维题。#小学奥数# 3⃣️英语：9:45-10:00，题目：若有AI机器人帮你写作业，你会用么？一般#pet# 水平足以应对。#chatgpt# 一般来说，#北京中学# 的小五班主要面向朝阳20所小学进行活动：花家地实验、朝阳实验、朝师附小、白小及各分校、北师大奥小、芳草地及各分校、星河实验、传媒附小、呼家楼中心小学、劲松四小、朝阳二实验、北小小学部等小学。白小、朝师附小、北奥小是五年级学生都参与活动，其他小学则是选一部分孩子参加。按照以往经验，一试考语数英，二试面试考口语和了解孩子及家庭基本情况，接着开家长会。但今年的情况是一试考语数英，二试考思维。昨天晚上，已经有家长陆续接到电话，通知今天去开家长会，大概率是通知录取了。你们参加考试了吗？有收到#家长会# 通知吗？ ,微博网页版,,,https://wx3.sinaimg.cn/orj360/008eSvSSgy1hc1sirjyeoj31bf0zkdrv.jpg https://wx3.sinaimg.cn/orj360/008eSvSSgy1hc1sirqgyij30mj0k4jtb.jpg https://wx1.sinaimg.cn/orj360/008eSvSSgy1hc1siudzy8j30ku0prta7.jpg,https://weibo.com/7548923638/Mxy4Doe4Y,0,0,1,蓝V认证,neutral,0.2772323489189148,0.474342405796051,0.2484251856803894
4879602851780421,2023-03-15 17:10,A二向箔维修西师傅,https://weibo.com/5836689582?refer_flag=1001030103_,"玩了一下chatgpt 回答名词解释和简答题简直太牛了，但是回答有思考的问题不太行，问了一个what do you think of being a house wife它的答案非常端水，但是没有什么见解，因为它本来就不是人吧，没看法。然后调戏了它一下，说你反应好快我好羡慕你，它的回答也非常客观非常...客气哈哈哈哈，总之会明确表明是说自己只是一个程序，是个机器直接问它能不能翻译，他不回我，然后就要求它把我的话翻译成英文，感觉和这种机器对话的核心就是下指令下指令，不过中文理解有点傻傻的。甚至我说中文叫它说英文也没问题体感就是，真的很牛，说话很有逻辑，可以连续对话。不过稍微觉得有点可怕，这种名词解释简答题他只要基于整合就能快速得出答案，而且答题模板真的很像我们被训练的那样，并且人总是会出错的，只是问这些的话我们完全比不过它....所以说，我们花这么大力气去学这些知识，去把我们的思路弄成所谓""有条有理""的，但是机器一下子就能做到了，甚至比我们做得更好，我们这种所谓的""有条有理""的答题逻辑训练真的不是训成机器了吗....所以说人最重要的还是思考力和创造力吧，但是怎么才能拥有有深度的思考和创造呢......学校教过我们这个吗...... ",vivo Z5全面实力派,,,https://wx4.sinaimg.cn/orj360/006n09Aygy1hc0ncdip3yj30u01t0n32.jpg https://wx1.sinaimg.cn/thumb150/006n09Aygy1hc0nce4hd4j30u02m412u.jpg https://wx4.sinaimg.cn/thumb150/006n09Aygy1hc0ncf9m0fj30u02m812w.jpg https://wx1.sinaimg.cn/orj360/006n09Aygy1hc0ncfxtdbj30u01t00x5.jpg https://wx2.sinaimg.cn/orj360/006n09Aygy1hc0ncgiae2j30u01t0jwo.jpg https://wx1.sinaimg.cn/orj360/006n09Aygy1hc0nch5ihyj30u01t00yq.jpg https://wx4.sinaimg.cn/orj360/006n09Aygy1hc0nchptgbj30u01t00wv.jpg https://wx1.sinaimg.cn/orj360/006n09Aygy1hc0nci6sgbj30u01t042i.jpg https://wx4.sinaimg.cn/orj360/006n09Aygy1hc0ncirtlrj30u01t0wk8.jpg,https://weibo.com/5836689582/MxoPH7tat,0,1,0,没有认证,neutral,0.32484525442123413,0.45058995485305786,0.22456476092338562
4879489232015139,2023-03-15 09:39,临朐县融媒体中心,https://weibo.com/7761614436?refer_flag=1001030103_,#GPT4#从chatGPT升级后能力大幅提升，对于各种创作，考证，答题，编曲，写代码，文案，而具有很强创造力，感觉不学习，要被淘汰了 ​,荣耀V40轻奢版,,,,https://weibo.com/7761614436/MxlSr8sef,0,0,1,没有认证,positive,0.2268635481595993,0.33918702602386475,0.43394944071769714
4879488738135682,2023-03-15 09:37,川北小哥,https://weibo.com/1565193811?refer_flag=1001030103_,#GPT4#从chatGPT升级后能力大幅提升，对于各种创作，考证，答题，编曲，写代码，文案，而具有很强创造力，感觉不学习，要被淘汰了 ​,小米11 青春版,,,https://wx1.sinaimg.cn/orj360/5d4af653gy1hc0anihralj20zu0pbteu.jpg,https://weibo.com/1565193811/MxlRDy8sG,52,17,55,黄V认证,positive,0.2268635481595993,0.33918702602386475,0.43394944071769714
