mid,publish_time,user_name,user_link,content,source,location_url,location_name,image_urls,weibo_link,forward_num,comment_num,like_num,verify_typ
4894782965419145,2023-04-26 14:31,学术头条,https://weibo.com/7523186814?refer_flag=1001030103_,【RoboGPT：使用ChatGPT提高人机协作的信任度】在人工智能时代，随着机器人越来越多地参与到人类生活的各个方面，人类机器人协作变得越来越重要。然而，人类操作者对机器人的信任问题仍然是一个重要的问题，主要是由于人类和机器人之间缺乏足够的语义理解和沟通。ChatGPT等大型语言模型（LLMs）的出现，为开发一种互动的、可交流的、强大的人类-机器人协作方法提供了机会。该研究探讨了ChatGPT对人机协作装配任务中信任的影响。研究人员设计了一个名为RoboGPT的机器人控制系统，使用ChatGPT来控制一个7自由度的机械臂，帮助人类操作者取、放工具，而人类操作者可以使用自然语言与机械臂交流，并控制它。实验表明，在机器人中加入ChatGPT可以显著提高人类与机器人合作的信任度，这可以归因于机器人能够更有效地与人类沟通。此外，ChatGPT理解人类语言的细微差别并作出适当反应的能力，有助于建立更自然和直观的人机互动。ChatGPT#机器人##学术头条快讯# 详情🔎  ,微博网页版,,,https://wx2.sinaimg.cn/orj360/008d8wyOly1hdd35q4punj314c0gc4at.jpg https://wx2.sinaimg.cn/orj360/008d8wyOly1hdd35qjavzj314c0qyngk.jpg,https://weibo.com/7523186814/MDLJKmJLz,0,0,0,蓝V认证
4893496118610288,2023-04-23 01:17,股谜令狐猫,https://weibo.com/7826315914?refer_flag=1001030103_,周鸿祎发布三六零人工智能总动员内部信：要全面拥抱人工智能360集团创始人周鸿祎发布主题为“三六零人工智能总动员”的内部信，要求360每一位员工、每个产品和业务都要全面拥抱人工智能，适应人机协作，着手产品重塑。周鸿祎在信中透露，结合GPT能力的智能浏览器、AI生图工具和企业智能营销云很快将面向B端用户开放测试。此外，360集团将推行“揭榜挂帅”制，招募更多员工加入大语言模型的核心研发。据了解，360内部已经有非常成熟的大语言模型研究团队，尤其在多模态算法上处于行业领先地位。面对GPT或将引发失业潮的声音，周鸿祎认为“这是制造焦虑”。他在信中表态，“有好奇心、能和GPT协同办公的360员工不会被GPT淘汰”，并鼓励所有员工拥抱GPT，借助GPT拿到更好的绩效。三六零说公司一季度同比转亏，所以需要转型，要积极拥抱chatGPT；科大讯飞说公司是领先的人工智能企业，一季度亏损扩大，下一步就要困境反转了。个个浓眉大眼，你猜谁说的对 ,微博网页版,,,,https://weibo.com/7826315914/MDegbA7VC,0,0,1,没有认证
4893331798100638,2023-04-22 14:24,喜马拉雅豆芽,https://weibo.com/1894053795?refer_flag=1001030103_,OpenAI 创始人最新演讲：ChatGPT 炸裂新功能，分享怎样教 AI 使用工具 ：OpenAI 的联合创始人，三位核心成员之一的 Greg Brockman 日前在 TED2023 上发表演讲，过程中演示了足以取代上周爆火的 AutoGPT 的新功能，还有 OpenAI 在人机协作方面的思考和进展。 OOpenAI 创始人最新演讲：ChatGPT 炸裂新功能，分享怎样教 AI 使用工具 ​,iPhone客户端,,,,https://weibo.com/1894053795/MD9Z9xZls,0,0,1,黄V认证
4892695203416057,2023-04-20 20:15,财新网,https://weibo.com/1663937380?refer_flag=1001030103_,【专访达利欧：盯紧“煤矿里的金丝雀”】中美竞争正导致两国政策制定者在许多领域将自给自足放在效率之前。达利欧认为，这带来低效的产能建设，从经济角度看代价高昂。由于对抗乃至军事冲突的可能性，企业和投资者正在将业务或投资转移到印度、越南和墨西哥等其他国家。　　当下的全球经济形势亦不乐观。就硅谷银行危机，达利欧曾在3月中旬表示，硅谷银行倒闭是“煤矿里的金丝雀”（意指早期信号。过去，欧美煤矿工人将金丝雀带入矿井，因为它对一氧化碳非常敏感——笔者按），背后的环境演变（dynamic）会在风险投资以及远远超出风投的领域产生连锁反应。　　多家华尔街大行、科技巨头近来均大规模裁员。另一方面则是人工智能技术的火热，ChatGPT持续受到关注。4年前，在北京淅淅沥沥的一场春雨中，达利欧就曾对财新表示，桥水99%的投资决策已是由人机协作支撑的决策规则系统做出。O订阅/会员进入 ,微博网页版,,,https://wx3.sinaimg.cn/orj360/001OBI7Gly1hd6c79fbryj60dc08w75302.jpg,https://weibo.com/1663937380/MCTqoekFH,9,2,8,蓝V认证
4892542103717031,2023-04-20 10:06,Whale帷幄,https://weibo.com/6498190840?refer_flag=1001030103_,如何用 ChatGPT 搞营销？Whale 帷幄推出集 AGI 原生、协同合作与数据导向于一体的强大产品 —— Alivia，让你做 MarketingGPT 时代最靓的崽！4 月 20 日，14:00「Whale 帷幄」春季产品 Demo Day ，「创造 AGI 原生的商业未来」，品牌下一代「人机协作」MarketingGPT——Alivia，即将登场！ ​​​#AIGC# #AGI# #MarketingGPT# #ChatGPT# #Whale# #帷幄# #产品发布会# #demoday# ,微博网页版,,,https://wx1.sinaimg.cn/orj360/0075LKhGly1hd5xsgl7q1j30v91vo1kx.jpg,https://weibo.com/6498190840/MCPrsfAY7,0,0,0,蓝V认证
4892527897088043,2023-04-20 09:10,环信即时通讯云,https://weibo.com/3933801885?refer_flag=1001030103_,【4月20日投融资科技早报】1、半导体光刻胶研发商「徐州博康」完成超6亿元新一轮融资，由中平资本、国开科创领投2、数字化设备及自动化产线提供商「金麦特」完成超2亿元A轮融资，由钧瑞投资（奇瑞系）、海富产业基金、中信建投资本联合领投3、机器视觉低代码组态IDE平台「芯算一体」完成千万元级天使轮融资，由著名天使投资人Peter Li投资4、短视频MCN机构「白兔控股」完成B轮及战略轮融资，B轮由天图资本领投、老股东高榕资本跟投5、线上虚拟活动服务平台「随幻科技」完成数千万元A+轮融资，投资方为联想创投6、少儿智能教育机器人研发商「古德微机器人」完成数百万元天使轮融资，由观复资本独家领投7、生命科学研究领域产品及服务提供商「生工生物」获得20亿元首轮战略融资，由德福资本领投8、微生物工程综合解决方案商「微新生物」完成数千万元天使轮融资，由和达生物医药产业基金领投，雅亿资本、沃永基金跟投9、基因细胞治疗药物研发商「宜明细胞」完成1.5亿元C+轮融资，由国泰君安创新投资和济南产发集团旗下经发基金与科金新动能基金共同领投，方富创投跟投10、平台型医疗器械企业「惠凯医疗」完成数千万元A+轮融资，由北京纳通科技集团独家投资11、钉钉宣布正式接入阿里“通义千问”大模型，全面启动智能化战略12、金山办公正式发布“WPS AI”：国内协同办公赛道首个类ChatGPT应用，将陆续嵌入全线产品13、文心一言在百度内部全面应用在智能工作平台“如流”，开启人机协作新范式14、字节跳动旗下火山引擎发布大模型训练云平台：支持万卡训练，集群性能提升3倍15、谷歌计划6月推出其首款可折叠智能手机Pixel Fold，将在5月10日年度开发者大会Google I/O上公布 ,HUAWEI P30 Pro,,,,https://weibo.com/3933801885/MCP4xtJVh,0,0,1,蓝V认证
4892506347014260,2023-04-20 07:44,宝玉xp,https://weibo.com/1727858283?refer_flag=1001030103_,推荐阅读：《让ChatGPT帮你下Prompt》by 賴以威—————昨天聊到OpenAI的报告中，指出「数学家」将大幅受到chatGPT影响。但影响并非总是负面的「被取代」，也可能是如同从骑马变成开车那样，透过工具加速发展。对此，陶哲轩做了最好的示范。▩谁是陶哲轩陶哲轩(Terence Tao)被誉为是当今数学界的摇滚巨星，24岁成为UCLA教授，31岁获得数学界最高荣誉菲尔茨奖。他是美国总统科学技术顾问委员会的成员，日前才在白宫开会，负责提出AI相关的政策建议。不同于刻板印象里的数学家总是孤独、与世隔绝，陶哲轩大量与人合作研究，乐于在网路上发表想法。前几天，他发表了一篇文章，内容如下：我开始觉得AI工具是Cunningham's law的一种变体：「在网上得到正确答案的最好方法不是提问，而是张贴错误的答案。」到目前为止已经有好几次，我问GPT一些问题时，我不满意它输出的结果。但是，这些结果却能诱发我找出更接近正确的答案。最终，我只从GPT产生的文本中借用一两个句子。然而，如果没有GPT产生的文本作为提示(prompt)，我想我的灵感就不会被启发，也无从产生我的答案。」▩人脑与电脑互下prompt在这个例子中，陶哲轩认为不仅是他对GPT下prompt，GPT产生的文字，也反过来可以看成是AI对人类下的prompt。然后，陶哲轩会受到这个错误但有趣的提示启发，进而想出正确答案。符合Cunningham's law，错的答案引出对的答案。「尽信书不如无书」如同我们不能完全相信网路上的论点，自然也不该对GPT的内容全盘接受。我们不能将所有的思考责任转移到GPT上，应该将他的回复视为一个建议，一个灵感的来源。这也是所谓的「批判性思考」。当我们抱持着这样的心态，就能更加发挥GPT的价值。因为它的回答是基于大量资料，加上一定随机性的回复。因此可以跳脱我们独自思考时的框架，提供不一定正确，但有一定逻辑性的答案。这跟在「发散模式」时寻求的灵光一现，有某种程度的相似。《大脑喜欢这样学》提过，大脑有专注模式与发散模式。前者是聚精会神，专心投入的状态，后者则常发生在散步、放松时。专注模式可以提升解决问题的能力，但也见树不见林。发散模式则让思绪自然漫游，容易产生灵感。或许你有过这样的经验，读书时算数学卡住想不出来。离开房间走一走，喝口水回来，忽然就想到解法。发散模式大概就是这种感觉，能让我们跳脱框架，更灵活的思考。但就算是在发散模式，等待灵感降临也有点像玩彩票那样，有点碰运气的成分在内。▩让GPT成为你的常驻「发散模式」可在陶哲轩手中，GPT就是他的常驻发散模式。早在一个月前，陶哲轩就发表了数则他使用GPT的心得：问它数学题目，请它证明，给提示请它找出相关文献。GPT不一定都能做到完全正确，可它的回应，都能激发陶哲轩更多的灵感。它就像是一位正在散步的博学友人，边走边随意打字，带点不负责任的心态，想到什么就回复你什么。AI这项新工具到底该怎么使用，有各式各样的说法。陶哲轩的用法让我们看到不仅是要问个好问题，本身还要具备足够的判断力，以及举一反三的联想力。在人脑的引导下，人类与AI互下提示，宛如一场双人舞一样，或许是一种非常理想的未来人机协作模式。 ,Mac客户端,,,https://wx3.sinaimg.cn/orj360/66fd066bgy1hd5to0y2a5j21kw0w0nco.jpg https://wx1.sinaimg.cn/thumb150/66fd066bgy1hd5tn1zxkwj20lk2is7wh.jpg https://wx2.sinaimg.cn/orj360/66fd066bgy1hd5tozqayej20w20wye4a.jpg,https://weibo.com/1727858283/MCOvMtqJe,659,22,473,红V认证
4892242257121002,2023-04-19 14:15,占星师Dorothy-职场占星,https://weibo.com/7214442903?refer_flag=1001030103_,1、钉钉宣布正式接入阿里“通义千问”大模型，全面启动智能化战略2、金山办公正式发布“WPS AI”：国内协同办公赛道首个类ChatGPT应用，将陆续嵌入全线产品3、文心一言在百度内部全面应用在智能工作平台“如流”，开启人机协作新范式4、字节跳动旗下火山引擎发布大模型训练云平台：支持万卡训练，集群性能提升3倍5、打通AI训练平台和云端能力，腾讯云智能车载语音助手实现小时级更新6、印象笔记宣布印象AI正式开放使用，现已落地赋能旗下全线产品7、雷军：小米2022年研发投入160亿元同比增长21%，今年研发投入预计超200亿8、数字货运平台满帮推“好运计划”，7项举措助力中小微企业“拼经济”9、微软宣布中国区Microsoft Teams和Office 365升级，由世纪互联运营10、胡润研究院发布2023全球独角兽榜：前十名中国占五席，字节跳动蝉联第一 ,,,,,https://weibo.com/7214442903/MCHDPtSuS,0,0,0,黄V认证
4892176280457625,2023-04-19 09:53,Whale帷幄,https://weibo.com/6498190840?refer_flag=1001030103_,4 月 20 日，「Whale 帷幄」春季产品 Demo Day ，「人机协作」时代，我们共同开启!我们将讲述在 AGI-lization 的营销时代，以下一代「人机协作」为核心的 Alivia 产品，是如何凭借「MarketingGPT」抢先拿到 AGI 竞技入场券！#AIGC##AGI##MarketingGPT##ChatGPT##Whale##帷幄##产品发布会##demoday# LWhale帷幄的微博视频 ,微博视频号,,,,https://weibo.com/6498190840/MCFVq1V33,1,0,0,蓝V认证
4892167078676799,2023-04-19 09:16,爱股票APP,https://weibo.com/2072724293?refer_flag=1001030103_,【一觉醒来AI圈发生了什么】1、亚马逊云科技宣布，实时AI编程助手Amazon CodeWhisperer正式可用，同时推出的还有供所有开发人员免费使用的个人版。2、微软准备推出人工智能芯片，内部代号“雅典娜”，为大型语言模型提供动力。据悉，微软在2019年就开始开发这种内部代号为“雅典娜”(Athena)的芯片。微软已将芯片提供给一小部分微软与OpenAI员工，他们正测试这项技术。微软希望这种芯片比目前从其他供应商处采购的芯片性能更好。3、意大利数据保护局称，如果OpenAI采取了“有效的措施”，我们将于4月30日重新激活ChatGPT的使用。此前，意大利数据保护局暂时限制了ChatGPT对个人数据的处理，并对其涉嫌违反隐私规则展开调查。4、Midjourney竞争对手Stability AI的官宣，正在研发的Stable Diffusion XL开始面向公众测试，目前可以在Clipdrop平台免费试用。5、2023全球元宇宙大会18日在北京举行。大会上，GPT产业联盟正式成立。GPT产业联盟由中国移动通信联合会、中国电信、中国移动、中国联通、中国广电等单位共同发起成立。6、字节旗下火山引擎发布大模型训练云平台。火山引擎总裁谭待透露，“国内大模型领域的数十家企业，超过七成已经在火山引擎云上”。7、百度内部智能工作平台“如流”应用文心一言 开启人机协作新范式。百度此次发布的智能工作工具，涵盖了文本和图片生成、代码推荐两大场景，帮助员工在日常工作中的思路构建、协作沟通、方案策划、代码编写等方面大幅提升效率。8、金山办公正式发布具备大语言模型能力的生成式人工智能应用，暂定代号“WPS AI”，这也是国内协同办公赛道首个类ChatGPT式应用。“WPS AI”的第一站搭载在金山办公新一代在线内容协作编辑工具——轻文档(airPage)上，未来将以用户体验为优先级，逐步放开公测，嵌入金山办公全线产品。9、斑马智行接入通义千问大模型，智己汽车成为首个上车品牌。10、TrendForce：预估2023年AI服务器出货量年增15.4%，2023-2027年复合成长率约12.2%。11、大模型发布会密集来袭：科大讯飞AI学习机发布会(5月6日)、谷歌I/O 2023全球开发者大会(5月10日)、第七届世界智能大会(5月18-21日)、微软BuiLD 2023开发者大会(5月23-25日) 、2023世界人工智能大会(7月6日)。 ,微博网页版,,,,https://weibo.com/2072724293/MCFGzApen,2,1,12,蓝V认证
4892154198232150,2023-04-19 08:25,百家自媒体,https://weibo.com/2665749913?refer_flag=1001030103_,#新闻早读#百家自媒体1、钉钉宣布正式接入阿里“通义千问”大模型，全面启动智能化战略2、金山办公正式发布“WPS AI”：国内协同办公赛道首个类ChatGPT应用，将陆续嵌入全线产品3、文心一言在百度内部全面应用在智能工作平台“如流”，开启人机协作新范式4、字节跳动旗下火山引擎发布大模型训练云平台：支持万卡训练，集群性能提升3倍5、打通AI训练平台和云端能力，腾讯云智能车载语音助手实现小时级更新6、印象笔记宣布印象AI正式开放使用，现已落地赋能旗下全线产品7、雷军：小米2022年研发投入160亿元同比增长21%，今年研发投入预计超200亿8、数字货运平台满帮推“好运计划”，7项举措助力中小微企业“拼经济”9、微软宣布中国区Microsoft Teams和Office 365升级，由世纪互联运营10、胡润研究院发布2023全球独角兽榜：前十名中国占五席，字节跳动蝉联第一 ,百家自媒体超话,,,,https://weibo.com/2665749913/MCFlNyxyC,0,1,0,蓝V认证
4891923498142711,2023-04-18 17:08,中国教育新闻网,https://weibo.com/1747774447?refer_flag=1001030103_,【《如何利用人工智能学习？百篇教育机器人学术文章深度分析》报告发布】发布时间：2023-04-18作者：黄璐璐来源：中国教育新闻网中国教育报-中国教育新闻网讯（记者 黄璐璐）ChatGPT的应用在优化学习环境、创新教学模式、生成高质量教育内容等方面展现出巨大潜能，但同时也带来数据安全、教育公平与伦理道德等方面的潜在风险。北京师范大学智慧学习研究院，对近年来教育机器人领域百篇有影响力的学术论文进行了系统分析，形成了《如何利用人工智能学习？百篇教育机器人学术文章深度分析》的报告，提出以下研究发现：与机器人协同教学，构建真实学习环境，适应智能时代的素养诉求机器人具有多学科属性，能很好地应用于教学实验，创建建设型学习环境，提供真实世界任务导向，在STEM教育以及编程教育中已得到广泛应用。当前研究一方面集中在探索人机协同教学新模式，满足差异化学习需求；另一方面着眼于如何打破技术与经济壁垒，提供低成本的机器人教育解决方案，保障教育公平。与机器人自然对话，优化个性化学习体验，提升智能时代生存能力随着AI生成内容（AIGC）和大规模语言模型（LLMs）等技术的飞速发展，ChatGPT、GPT-4等聊天机器人将对话代理技术水平带到了一个全新的层次。这一技术革新有望提升个性化学习体验，创建自适应学习环境，激发灵感和创造力，减轻教师工作负担，并提供超越课堂的、随时随地的多语言学习机会。然而，对ChatGPT产生过度依赖不但会助长学习中的惰性，诱发作弊和剽窃，更会削弱学生的批判性思维，使其产生错误的价值观，甚至引发更为严重的伦理道德问题。利用机器人社交，满足特殊教育需求，增进边缘人群福祉社交机器人的发展促进了教育的全纳，在服务与关怀边缘人群方面展现出潜力。研究表明，机器人因其童趣的外观、耐性、稳定性、可预测性以及多角色扮演能力在特殊教育领域，特别是自闭症儿童教育中倍受青睐。同时，使用机器人进行认知训练，可有效改善有认知障碍的老年群体的记忆力、语言能力以及情绪状态。如何提供系统化、常态化机器人服务与适切的临床指导是当前的研究热点。此外，报告还提出教育机器人的发展受到包括制造业发展、开源运动、市场需求、行业推动和资本夹持等一系列复杂因素的影响。报告从人机协作、教学方法、核心技能、教育资源和公共服务的角度展望了机器人+教育发展趋势，对机器人教育应用提出了几点建议：探索人机协作机理，构建教育智能生态圈。随着人工智能技术的兴起，教育领域中人机协作的研究变得极为重要，需思考如何提升教师的作用，实现教师和人工智能的协作教学，加强理论研究、平台建设及专家指导，以推动中小学和高校的人机教学实践发展。重新思考学生、教师和公民在智能时代的核心技能。智能时代需要的不仅仅是ICT技能，即信息与通信技术和技能，还包括心理学知识、沟通技能等，以促进教育中人与机器进行高效地沟通和协作，实现“协作智能”。拥抱国际开源运动，跟上开放科学发展的步伐。开源运动包括诸多要素，如开源政策、开放教育资源、开放数据、开放同行评审等。通过对开放科学进行研究并制定相关政策，可以支持智能时代的教育和创新。扩大教育社会实验，延展教学公共服务。通过社会实验研究人工智能技术在真实、自然的教育过程中的影响，验证某项技术在教育中是否有效，延伸教学公共服务提供实践基础和数据支持，化解规模化教育与个性化培养的矛盾，提高数字教育的质量，促进联合国可持续发展目标的实现。作者：黄璐璐 ,微博网页版,,,https://wx2.sinaimg.cn/orj360/682cebefly1hd3yrhqpakj20q50hfk2q.jpg,https://weibo.com/1747774447/MCzlHyai3,0,0,1,蓝V认证
4891236382806560,2023-04-16 19:38,丘隅生生,https://weibo.com/1464371075?refer_flag=1001030103_,复旦大学计算机学院教授邱锡鹏接受21世纪经济报道采访表示，ChatGPT的革命性体现在大模型“涌现能力”，在训练计算量大概在10的22次方后，模型能力会造成量变到质变，呈现出惊人的爆发式增长。我理解这就类似人类的创造力。涌现能力背后三个非常重要的技术：情景学习、思维链、指令学习。我觉得情景学习类似人类的观察、交流等实践学习。思维链使得模型具有推理能力，通过分解复杂问题成一个个简单问题，一一解决。我觉得这类似人类分析能力。指令学习使得模型能够理解并执行各种自然语言指令，将任务指令化以便机器理解。这类似人类的语言学习，通过语言文字，人们才能交流、学习和社会实践。整体生态是，人工智能公司做好模型设计，大公司建基础算力，数据由专门公司来清洗，这样协调，就会加快训练和迭代速度。邱认为，ChatGPT这类通用人工智能的加速实现对于现阶段人类来说已不是梦想，可以引爆数字经济，充分发挥数据和算力效能，催生海量的新商业模式。可以赋能产业数字化，并通过人机协作的方式解决行业专家资源不足的问题。可以以数字人、个人助手、搜索引擎等形式对数字经济新业态、新模式提供发展动能。更深刻改变教育、社会治理、司法等领域的生态。邱认为我们的AI以场景的丰富度或者应用层面的创新性领先，在AIGC或者大模型浪潮中，应用驱动则很重要。有了底座，再把AI产品打磨好。 ,OPPO Reno6 5G,,,,https://weibo.com/1464371075/MChtsbM76,0,0,0,没有认证
4890444091887239,2023-04-14 15:09,Whale帷幄,https://weibo.com/6498190840?refer_flag=1001030103_,2023 Whale 帷幄春季产品 Demo DayAGI 原生的商业未来，未来营销「面目全非」近日，国内领先的 AI 科技公司「Whale 帷幄」率先提出「创造 AGI 原生的商业未来」，面向消费品牌群体，提出「MarketingGPT」概念。让我们先来一睹为快，这一在未来可能带来革命性深远影响的「人机对话」产品，是如何在 AGI 的技术加持下，同时实现员工「工作方式」和企业「商业增长」的革命性颠覆——定位于品牌的 AI Copilot，帷幄多年来专注于「助力消费品牌数字化营销运营，成就商业增长」。关于 AGI 原生的商业未来，帷幄认为，应对新一轮的技术变迁，品牌需要从 AGI 技术出发，重塑营销场景、媒介、工作流程，彻底重置营销人员的工作方式和生产效率。4 月 20 日，「Whale 帷幄」春季产品 Demo Day，将为我们讲述其在 AGI-lization 的营销时代，以下一代「人机协作」为核心的 Alivia 产品，是如何凭借「MarketingGPT」抢先拿到 AGI 竞技入场券！#AIGC##AGI##MarketingGPT##chatgpt##whale##帷幄##产品发布会##demoday# ,微博网页版,,,https://wx4.sinaimg.cn/orj360/0075LKhGly1hcz8oab9qvj32yo1o01kx.jpg https://wx2.sinaimg.cn/orj360/0075LKhGly1hcz8ob2yhyj30v91vo1kx.jpg https://wx1.sinaimg.cn/orj360/0075LKhGly1hcz8uqwh9kj30u01j4tyy.jpg,https://weibo.com/6498190840/MBWRz7UXl,0,0,0,蓝V认证
4887308941659513,2023-04-05 23:31,陕西杨佰万,https://weibo.com/1449606404?refer_flag=1001030103_,邱燕娜!￼尽管当前在市场需求、政策加持和新一轮科技浪潮的共同作用下，工业机器人的热度只增不减，但是绿的谐波、中大力德等工业机器人概念股近期业绩并不尽如人意。事实上，2022年的工业机器人市场可谓冰火两重天，我国机器人技术研发正从单项技术攻关向系统技术突破发展，产业进入一个场景驱动新阶段。“硬件先行”走累 单项冠军寻求新出路机器人产业链由零部件厂商、机器人本体厂商、系统集成商、终端用户四个环节组成，本体厂商处于核心地位。根据OFweek测算，在工业机器人中，控制器、伺服电机和精密减速器是产业链中技术壁垒最高、成本占比最大的环节，成本占比分别为12%、24%、36%。业界很多人用“硬件先行”来描述我国的工业机器人产业。科技部国家科技专家周迪在接受媒体采访时曾表示，我国是机器人的生产大国和使用大国，部分硬件已经达到或者超过了国际先进水平。生产精密减速器的绿的谐波和中大力德都是其中佼佼者。2021年，绿地谐波营收同比增长2.26亿元，同比增速达104.15%；中大力德营收同比增长1.92亿元，同比增速25.3%。但是在2022年，情况发生了变化。绿的谐波在早些时候发布的业绩快报，预计2022年公司实现收入4.46 亿元，同比增长仅0.54%；归母净利润1.59 亿元，同比下滑15.96%。对于利润的下滑，绿的谐波归因于宏观经济环境和疫情持续的影响，以及公司研发投入的加大。中大力德尚未发布业绩数据， 但2022年前三季度中大力德营收同比已经下降9.84%，情况并不乐观。同时，中大力德的毛利率还呈现下降趋势，2019至2021年毛利率分别为28.7%、26.9%、26.2%；截至2022年三季度，其毛利率仅为23.61%，另外一个尚未披露2022年业绩数据的秦川机床，2022三季报显示的数据也不乐观：公司主营收入30.96亿元，同比下降23.89%；归母净利润2.06亿元，同比下降19.82%。怪不得中大力德董事长岑国建强调：“不转型、不升级，就等死”。据悉，中大力德近年来减速器产品结构处在调整之中，且精密减速器还处于持续扩产增量的阶段，规模经济不明显；另外近两年原材料价格和人工成本上涨明显，一定程度上导致公司毛利率有所下降。这三家工业机器人概念股的业绩数据，似乎与我国十七部门联合1月印发的《“机器人+”应用行动实施方案》中提出的到 2025年制造业机器人密度较 2020年实现翻倍的目标渐行渐远。值得关注的是，我国还是全球工业机器人增长最快的市场。国家统计局数据显示，2021年我国工业机器人产量36.6万台，比上年增长68%。《中国机器人产业发展报告（2022年）》曾预测，2022年我国机器人市场规模将达到174亿美元，工业机器人市场规模有望达到87亿美元。我国工业机器人市场，就算只是减速器市场，也并不被认为已经是个红海市场。这一点在资本市场已经有体现。比如，国产精密传动企业来福谐波完成了由“国家级大基金”国开制造业转型升级基金领投的超亿元人民币D轮融资。那么，问题到底出在哪里？软件兼施路宽 赋能场景风头正劲如果我们再来看看其他几个工业机器人企业的业绩数据或者资本市场表现，就会恍然大悟。同样也生产减速机的汇川技术年报显示，2022年度公司实现营业总收入228.63亿元，比上年同期增长27.42%；实现归属于上市公司股东的净利润42.79亿元，比上年同期增长19.75%；基本每股收益1.62元。汇川技术近日在投资者关系活动中透露，2022年公司工业机器人业务的经营情况较好，销售订单实现50%以上的增长。犀牛财经从汇川技术获悉，公司近几年在机器人方面的增长，很大程度上得益于公司核心部件的完全自主化，以及对工业自动化场景的深刻理解。汇川技术认为，机器人是一个光机电一体化的系统型产品，对公司的综合平台能力要求较高；同时，要让机器人真正帮助客户解决生产痛点，还要深刻理解客户的应用场景，并把对场景化的理解融入到产品和解决方案中。奥普特公布的2022 年年报显示，公司实现营业收入11.41 亿元，同比增长30.39%；实现归母净利润3.25 亿元，同比增长7.26%。奥普特还表示，公司增加工业AI、3D视觉、智能读码等新产品线，不断带来成长动能，有望保障今年收入端延续30%左右增长。已在3月7日在创业板递交招股书的海康机器人，在招股书亮出了耀眼的业绩数据：2019年-2022年前9月，分别实现营业收入9.41亿元、15.25亿元、27.68亿元、28.1亿元，净利润4547.86万元、6509.64万元、4.82亿元及4.28亿元，并指出原因在于海康机器人可以借助母公司在视觉软硬件技术的积累，助其快速拿下市场。我国工业机器人的带头大哥（新松）机器人的业绩也开始出现转机。（新松）机器人近日发布业绩预告显示，2022年公司盈利4000 万元—5100 万元，在去年亏损5.62亿元基础上扭亏为盈。业绩情况乐观的工业机器人相关企业，都非常关注软硬件的结合。当前，我们正处于数字经济时代，产业数字化已经成为不可逆转的潮流，机器人所产生的各种数据，要与其他数据协同起来，才能带来更多的附加价值，赋能工业发展。无论是主管政府、用户，还是资本市场，都更加关注智能化、协同化工业机器人产品和应用场景。上海市甚至还发布了《上海市智能机器人标杆企业与应用场景推荐目录》“机器人+”时代来临。正如中国机电一体化技术应用协会会长李亚平所言，我国机器人产业已基本形成了从零部件到整机再到集成应用的全产业链体系，人工智能、5G、新能源、新材料等将与机器人技术深度融合，机器人产业迎来了升级换代、跨越发展的历史机遇期。这一观点与俄罗斯工程院外籍院士、苏州大学机电工程学院院长孙立宁不谋而合。张立宁近日在2023年赛迪论坛上发表演讲时指出，机器人是制造业智能化改造与数字化转型的重点方向；在智能制造场景的打磨下，工业机器人持续向高性能集成化、移动操作化、人机协作、智能网络化方向发展。“机器人+”时代来临 “硬核”公司加速“软化”“机器人+”时代已经来临。工业机器人的热点由“硬”向“软”转化的趋势有目共睹，“硬核”公司也已经加速了“软化”的进程。其中，受ChatGPT热潮不短等因素的影响，智能化是重中之重。近日，多家工业机器人概念股在接受机构调查时都提出了在智能化布局的战略：其一，哈工智能。哈工智能公司总部中央研究院专门设有AI+ROBOT研发中心并组建了AI研发团队，提了“AI+ROBOT”的理念，利用基于规则推理算法、基于案例推理算法、快速随机搜索树算法、图像算法、深度学习算法、视觉算法等解决生产过程中涉及的、有痛点需求工业设计、机器人视觉引导、机器人视觉识别等环节，所获得的成果包括但不限于已发布的工业智能设计软件(AIAD V1.0) 与工业智能OCR视觉系统(ROBE-OCR) 两款AI工业产品，旨在帮助传统制造型企业解决在设计与制造检验环节中存在的痛点及难点。其二，申昊科技。申昊科技在轨交、油气化工等其他领域布局的产品均集中在智能机器人方面，在传感器、机器人、人工智能及大数据分析技术等方面与电力产品有一定研发协同效应（例如导航、控制、分析等），从而拥有共同的技术优势。其三，高新兴。高新兴的参股公司广州高新兴机器人有限公司有从事机器人的相关业务。高新兴机器人是巡逻机器人产品与方案提供商，拥有自主知识产权的机器人云平台、机器人AI算法、机器人OS、机器人低速无人驾驶等核心技术，打造人机协同的智慧新安保模式，助力科技兴警。埃斯顿则从全产业链角度来提升竞争力，一方面加大下游行业应用开发，采取“通用+细分”战略，扩大下游行业覆盖，同时也积极布局新兴行业；一方面着力投入研发，打造机器人全产业链，品牌影响力持续扩大。汇川科技侧重于进一步加大场景化优势的扩大，提升核心大客户的合作深度：一方面，结合客户的场景和痛点，针对性地开发适配的机器人；另一方面，充分发挥在核心部件自主开发、自主制造的优势，针对性地进行持续优化。此外，布局海外市场是当前工业机器人产业发展的一大热点。就算是布局海外市场，提供全套的解决方案似乎也更受青睐。进军东南亚市场的海康机器人就与马来西亚大型连锁处方药局大专药剂达成合作，为其提供高品质AMR移动机器人和iWMS智能仓储管理系统，应用于中央仓库，支撑超过200家门店，日均14000条订单行的医药用品的分拣需求。工业机器人发展历史机遇期已经来临。让我们拭目以待谁会成为新时期工业互联网的王者。 ,vivo Y3 闪充强续航,,,,https://weibo.com/1449606404/MADiS6XIl,0,0,2,没有认证
4886768140158871,2023-04-04 11:42,传感器Jeff哥,https://weibo.com/1980314151?refer_flag=1001030103_,ChatGPT等生成式AI技术将重塑企业的业务流程和标准，与AI机器人一起工作将成为常态化，开创一种“人机协作”的工作模式。其中，很多重复、枯燥、复杂的基础业务流程将通过AI机器人实现自动化。同时设计师、律师等工作，也很有可能被AI机器人取代。 ​,三星Galaxy S22,,,,https://weibo.com/1980314151/MApeC0Fkr,0,0,0,黄V认证
4882437526522417,2023-03-23 12:54,爱股票APP,https://weibo.com/2072724293?refer_flag=1001030103_,【一文了解国内互联网巨头“类GPT模型”布局情况（附股）】3月23日，GPT概念继续活跃。消息面上，继之前OepnAI GPT-4、百度文心一言、微软Office Copilot、谷歌Bird等重磅产品相继发布后，隔日国内互联网巨头在AI领域又有新表态。综合梳理市场资料及多家券商研报，整理了各大互联网巨头在AI大模型、类ChatGPT产品及其应用方面的消息。1、腾讯。3月22日，腾讯在业绩会上透露，生成式AI可以用来提升腾讯旗下旗舰产品的用户体验，未来可能每一个用户都会有人工智能助理，如果效果好，有可能将生成式AI纳入微信和QQ。AI大模型方面，腾讯表示正大力投入人工智能与云基础设施建设，腾讯混元AI大模型覆盖NLP（自然语言处理）、CV（计算机视觉）、多模态等基础模型和众多行业与领域模型，还推出了万亿中文NLP预训练模型。具体应用方面，2月初腾讯旗下腾讯研究院发布《AIGC发展趋势报告2023》，报告指出，在广告领域，腾讯混元AI大模型能够支持广告智能制作，即利用AIGC将广告文案自动生成为广告视频，大大降低了广告视频制作成本。2、阿里。3月23日消息，阿里达摩院已在AI模型社区“魔搭”ModelScope上线了“文本生成视频大模型”。据官方介绍，该整体模型参数约17亿，目前仅支持英文输入。据悉，“魔搭”是阿里达摩院联手CCF开源发展委员会在2022云栖大会推出的AI模型社区，首批开源模型超过300个，包括视觉、语音、自然语言处理、多模态等AI主要方向。AI大模型方面，据阿里研究院公布的信息显示，阿里巴巴达摩院在2020年初启动中文多模态预训练模型M6项目，同年6月推出3亿参数的基础模型；2021年1月模型参数规模到达百亿；2021年5月，具有万亿参数规模的模型正式投入使用；2020年10月，M6的参数规模扩展到10万亿，成为当时全球最大的AI预训练模型。阿里云曾表示，M6已在超40个场景中应用，日调用量上亿。在阿里云内部，M6大模型的应用包括但不限于在犀牛智造为品牌设计的服饰已在淘宝上线、为天猫虚拟主播创作剧本，以及增进淘宝、支付宝等平台的搜索及内容认知精度等，尤其擅长设计、写作、问答，在电商、制造业、文学艺术、科学研究等前景中落地。2月7日，钉钉公众号称，其App可以在钉钉机器人里接入类似ChatGPT的功能，实现机器人对话相关操作。2月8日，据媒体报道，阿里版聊天机器人ChatGPT正在研发中，目前处于内测阶段。3、华为。华为此前2月10日就“华为在类似ChatGPT方向的布局”回应称，公司2020年开始在大模型有布局，2021年发布鹏城盘古大模型，是业界当时首个千亿级生成和理解中文自然语言处理大模型。资料显示，2021年4月的华为开发者大会2021（Cloud）上，华为云便发布了盘古系列超大规模预训练模型，包括30亿参数的视觉（CV）预训练模型，以及与循环智能、鹏城实验室联合开发的千亿参数、40TB训练数据的中文语言（NLP）预训练模型。华为云人工智能领域首席科学家表示：华为云盘古大模型可以实现一个AI大模型在众多场景通用、泛化和规模化复制，减少对数据标注的依赖，并使用ModelArts平台，让AI开发由作坊式转变为工业化开发的新模式。”大模型产业化方面，华为已发起了智能遥感开源生态联合体、多模态人工智能产业联合体，智能流体力学产业联合体等。4、字节跳动。据第一财经2月24日消息，字节跳动方面正在大模型方面布局、在语言与图像模态方面发力。字节跳动相关技术负责人表示，技术中台在这些领域的探索仍处于初期，尚未成熟。报道称，语言大模型团队由字节搜索部门领导，目前规模在十数人左右；图片大模型团队由产品研发与工程架构部下属的智能创作团队牵头。知情人士表示，字节跳动语言大模型团队在今年组建，探索方向主要为与搜索、广告等下游业务的结合，语言大模型团队的预期是在今年年中推出大模型。5、京东。据界面新闻报道，2月10日，京东云旗下言犀人工智能应用平台宣布将整合过往产业实践和技术积累，推出产业版ChatGPT：ChatJD，其参数量预计为千亿级别，并公布了ChatJD的落地应用路线图“125”计划。“125”计划包含一个平台、两个领域（零售和金融）、五个应用（内容生成、人机对话、用户意图理解、信息抽取、情感分类）。6、网易。据界面新闻报道，2月8日，网易有道方面称，未来或将推出ChatGPT同源技术产品，应用场景围绕在线教育。据悉，网易旗下网易伏羲也值得关注。网易伏羲成立于2017年，是国内专业从事游戏和泛娱乐产业人工智能研究和应用机构，研究方向包括强化学习、图像动画、自然语言、虚拟人、用户画像、大数据平台、云计算平台、云游戏等领域。目前，网易伏羲已服务超200家客户，应用日均调用量超数亿次。根据官网显示，伏羲产品主要包括元宇宙虚拟活动平台“瑶台”、人机协作PaaS平台“有灵机器人”、虚拟人平台以及智能挖机。7、三六零。2月7日，三六零在互动平台上表示，正计划尽快推出类ChatGPT技术的demo（试用版本）应用。三六零称，目前360搜索是中国搜索引擎的Top2，市场份额为35%，公司的人工智能研究院从2020年开始一直在包括类ChatGPT技术在内的AIGC技术上有持续性的投入，但截至目前仅作为内部业务自用的生产力工具使用，且投资规模及技术水平与当前的ChatGPT 3相比还有较大差距，各项技术指标只能做到略强于ChatGPT2。由于训练数据源及应用方向的原因，在中文环境下的实际效果强于ChatGPT2。 ,微博网页版,,,https://wx3.sinaimg.cn/orj360/7b8b4345ly1hc9pb2ry1pj21090iutmk.jpg https://wx3.sinaimg.cn/orj360/7b8b4345ly1hc9pbabtyhj20pb0tmwqj.jpg,https://weibo.com/2072724293/MyAzKrmMh,0,0,11,蓝V认证
4880571401243835,2023-03-18 09:19,爱股票APP,https://weibo.com/2072724293?refer_flag=1001030103_,【AI应用大时代来了！这四大领域或率先掀起风暴】AI大模型逐渐从纯文本的内容生成，走向了图像、音频、视频等多个模态领域。内容形式丰富的同时也拓宽了人工智能的应用场景。那么，哪些应用领域会率先掀起风暴？多家机构认为，AI在企业办公、辅助医疗、传媒、教育等领域有望迎来进一步的落地应用。变身“首席分析师” 精通Word、Excel、PPT企业办公方面，摩根士丹利已宣布采用GPT-4来对其知识库进行管理，帮助员工快速访问想要的内容。公司分析、数据与创新部门主管Jeff McMillan表示：“你可以把它想象成我们的首席投资策略师、首席全球经济学家及全球股票策略师。这些聪明的‘分析师’每天随时待命，随时解答你的困惑，这对我们公司来说是一种变革性的能力。”此外，微软于当地时间3月16日宣布，Microsoft 365服务将全面接入聊天机器人技术AI Copilot。通过Copilot，用户能够提高自身在Word中的创造能力、Excel中的分析能力、PPT中的表达能力、Outlook中的生产力、Teams中的协作性。招商证券指出，集成后的Office软件将显著提高效率、解放生产力。不仅在办公层面实现了生产力升级，企业管理方面，生成式AI的对话交互特性与逻辑分析能力也能够实现经营管理全流程的效率的提升。东方证券认为，在企业OA系统中，GPT-4可以辅助员工快速智能地进行流程办理；在企业ERP系统中，GPT-4可以通过数据分析来辅助企业进行经营决策。既能“看病”还能辅助药物研发在医疗场景里，除了知识库检索以外，大模型的功能还可以延伸至辅助诊断、影像识别，甚至药物研发领域。东方证券认为，GPT-4能够通过分析医疗记录、病历资料、诊断报告等数据，提供有关疾病诊断、治疗方案和药物处方等方面的建议和指导，能够帮助医生更加准确地诊断和治疗疾病。GPT-4新增的图片分析能力还可用于CT等图像的诊断，智能标记出存在症状的图像区域。百度最新发布的“文心一言”的生物计算大模型融入了生物领域中化合物分子、蛋白分子等研究对象的特性，能够完成小分子药物辅助研发及蛋白质结构预测等任务。灵感永不枯竭的“创意官”在传媒领域，首创证券认为，GPT-4有望推动多元化的内容生产，相关领域的商业模式将持续进化，内容行业或加速生产效率革新，AIGC对于营销、影视制作等相关内容创意生产行业的降本增效价值有望加快显现。具体来看，浙商证券从游戏、广告营销、影视、媒体、互联网、娱乐6个传媒相关的领域进行了应用分析：AIGC将推动游戏生产范式升级，并丰富游戏资产生成，高效辅助游戏测试，使制作成本显著降低，全流程赋能游戏买量；AIGC贯穿广告营销全流程，将优化案头工作环节，提供更专业的个性化营销方案，并充实广告素材，实现广告自动化生成；AIGC提升影视行业全管线效率。影视剧本创作已初见成效，多AI技术将助力电影中期拍摄，后期制作将更快完成；AIGC带给媒体行业人机协作方案。新闻写作编排效率提升，传媒向智媒转向开启新篇章；AIGC提供互联网行业丰富内容，和更便捷的服务。ChatGPT赋能智慧搜索，互为供给加速发展内容平台发展，虚拟结合激发电商沉浸式体验；AIGC为娱乐行业提供了更多样的体验。人际交互娱乐迈入新台阶，AIGC或成元宇宙之匙。充当“语言陪练师” 辅助教学教育层面，在GPT-4发布时，OpenAI给出了相关的应用实例。在Duolingo（一款语言学习工具软件）里，AI能够与用户进行日常聊天，练习语言对话技巧。Duolingo公司表示，学习者能够与人工智能互动。在互动结束后，学习者会从软件中获得由人工智能驱动的反馈，了解他们回答的准确性和复杂性。东方证券认为，GPT-4的自定义AI风格能力与其连续对话交互能力与教育场景十分契合，对不同性格的学生能够采用不同风格的AI作为虚拟导师。此外，GPT-4还能作为教师的辅助教学工具，教师能够使用AI来分析学生的学习数据。其图片分析能力还能够辅助阅卷工作。总体来看，随着AI不断的迭代升级，其功能也愈发强大。未来已来，在AIGC的暴风眼上，多家机构一致认为，以生成式AI为代表的新技术范式将持续激发市场需求扩容，AIGC应用层机遇广阔。推荐标的：亿联网络/会畅通讯/视源股份/苏州科达等。 ,微博网页版,,,,https://weibo.com/2072724293/MxO1S5dzR,0,0,13,蓝V认证
